date,instrument,prediction
2022-01-03,cl1s,0.576417
2022-01-03,es1s,0.516214
2022-01-03,fesx1s,0.567433
2022-01-03,gc1s,0.536266
2022-01-03,hg1s,0.507002
2022-01-03,ho1s,0.536266
2022-01-03,ng1s,0.536266
2022-01-03,nq1s,0.561987
2022-01-03,pl1s,0.510395
2022-01-03,rb1s,0.519356
2022-01-03,si1s,0.544693
2022-01-04,cl1s,0.586905
2022-01-04,es1s,0.506923
2022-01-04,fesx1s,0.552535
2022-01-04,gc1s,0.536266
2022-01-04,hg1s,0.496721
2022-01-04,ho1s,0.536266
2022-01-04,ng1s,0.536266
2022-01-04,nq1s,0.543695
2022-01-04,pl1s,0.543581
2022-01-04,rb1s,0.521808
2022-01-04,si1s,0.519083
2022-01-05,cl1s,0.588773
2022-01-05,es1s,0.567866
2022-01-05,fesx1s,0.518408
2022-01-05,gc1s,0.536266
2022-01-05,hg1s,0.494259
2022-01-05,ho1s,0.536266
2022-01-05,ng1s,0.536266
2022-01-05,nq1s,0.553031
2022-01-05,pl1s,0.541099
2022-01-05,rb1s,0.541877
2022-01-05,si1s,0.527564
2022-01-06,cl1s,0.58447
2022-01-06,es1s,0.556919
2022-01-06,fesx1s,0.508135
2022-01-06,gc1s,0.536266
2022-01-06,hg1s,0.499996
2022-01-06,ho1s,0.536266
2022-01-06,ng1s,0.536266
2022-01-06,nq1s,0.532983
2022-01-06,pl1s,0.537887
2022-01-06,rb1s,0.549435
2022-01-06,si1s,0.535242
2022-01-07,cl1s,0.587365
2022-01-07,es1s,0.541489
2022-01-07,fesx1s,0.528758
2022-01-07,gc1s,0.536266
2022-01-07,hg1s,0.509129
2022-01-07,ho1s,0.536266
2022-01-07,ng1s,0.536266
2022-01-07,nq1s,0.585352
2022-01-07,pl1s,0.548713
2022-01-07,rb1s,0.54554
2022-01-07,si1s,0.554209
2022-01-10,cl1s,0.587473
2022-01-10,es1s,0.552178
2022-01-10,fesx1s,0.514913
2022-01-10,gc1s,0.536266
2022-01-10,hg1s,0.520564
2022-01-10,ho1s,0.536266
2022-01-10,ng1s,0.536266
2022-01-10,nq1s,0.574684
2022-01-10,pl1s,0.537953
2022-01-10,rb1s,0.550947
2022-01-10,si1s,0.559699
2022-01-11,cl1s,0.568953
2022-01-11,es1s,0.543978
2022-01-11,fesx1s,0.550676
2022-01-11,gc1s,0.536266
2022-01-11,hg1s,0.532927
2022-01-11,ho1s,0.536266
2022-01-11,ng1s,0.536266
2022-01-11,nq1s,0.533065
2022-01-11,pl1s,0.569752
2022-01-11,rb1s,0.539876
2022-01-11,si1s,0.557993
2022-01-12,cl1s,0.58439
2022-01-12,es1s,0.554408
2022-01-12,fesx1s,0.54353
2022-01-12,gc1s,0.536266
2022-01-12,hg1s,0.55345
2022-01-12,ho1s,0.536266
2022-01-12,ng1s,0.536266
2022-01-12,nq1s,0.541276
2022-01-12,pl1s,0.534317
2022-01-12,rb1s,0.55465
2022-01-12,si1s,0.551041
2022-01-13,cl1s,0.56784
2022-01-13,es1s,0.557108
2022-01-13,fesx1s,0.55489
2022-01-13,gc1s,0.536266
2022-01-13,hg1s,0.52481
2022-01-13,ho1s,0.536266
2022-01-13,ng1s,0.52806
2022-01-13,nq1s,0.549258
2022-01-13,pl1s,0.509075
2022-01-13,rb1s,0.551846
2022-01-13,si1s,0.548323
2022-01-14,cl1s,0.563832
2022-01-14,es1s,0.562217
2022-01-14,fesx1s,0.574951
2022-01-14,gc1s,0.536266
2022-01-14,hg1s,0.510383
2022-01-14,ho1s,0.536266
2022-01-14,ng1s,0.514502
2022-01-14,nq1s,0.537711
2022-01-14,pl1s,0.508928
2022-01-14,rb1s,0.491975
2022-01-14,si1s,0.557432
2022-01-17,cl1s,0.536266
2022-01-17,es1s,0.536266
2022-01-17,fesx1s,0.511077
2022-01-17,gc1s,0.536266
2022-01-17,hg1s,0.536266
2022-01-17,ho1s,0.536266
2022-01-17,ng1s,0.536266
2022-01-17,nq1s,0.536266
2022-01-17,pl1s,0.536266
2022-01-17,rb1s,0.536266
2022-01-17,si1s,0.536266
2022-01-18,cl1s,0.581542
2022-01-18,es1s,0.564278
2022-01-18,fesx1s,0.518916
2022-01-18,gc1s,0.536266
2022-01-18,hg1s,0.514299
2022-01-18,ho1s,0.536266
2022-01-18,ng1s,0.512606
2022-01-18,nq1s,0.528398
2022-01-18,pl1s,0.517541
2022-01-18,rb1s,0.492814
2022-01-18,si1s,0.547851
2022-01-19,cl1s,0.583703
2022-01-19,es1s,0.580294
2022-01-19,fesx1s,0.553372
2022-01-19,gc1s,0.536266
2022-01-19,hg1s,0.547025
2022-01-19,ho1s,0.536266
2022-01-19,ng1s,0.536266
2022-01-19,nq1s,0.551044
2022-01-19,pl1s,0.530312
2022-01-19,rb1s,0.571524
2022-01-19,si1s,0.536664
2022-01-20,cl1s,0.586651
2022-01-20,es1s,0.588
2022-01-20,fesx1s,0.543253
2022-01-20,gc1s,0.536266
2022-01-20,hg1s,0.561487
2022-01-20,ho1s,0.536266
2022-01-20,ng1s,0.536266
2022-01-20,nq1s,0.57809
2022-01-20,pl1s,0.515454
2022-01-20,rb1s,0.55729
2022-01-20,si1s,0.511226
2022-01-21,cl1s,0.585424
2022-01-21,es1s,0.592026
2022-01-21,fesx1s,0.545029
2022-01-21,gc1s,0.536266
2022-01-21,hg1s,0.522578
2022-01-21,ho1s,0.536266
2022-01-21,ng1s,0.536266
2022-01-21,nq1s,0.58759
2022-01-21,pl1s,0.52309
2022-01-21,rb1s,0.502499
2022-01-21,si1s,0.518578
2022-01-24,cl1s,0.585234
2022-01-24,es1s,0.585733
2022-01-24,fesx1s,0.571275
2022-01-24,gc1s,0.549956
2022-01-24,hg1s,0.563734
2022-01-24,ho1s,0.536266
2022-01-24,ng1s,0.536266
2022-01-24,nq1s,0.576322
2022-01-24,pl1s,0.527469
2022-01-24,rb1s,0.558655
2022-01-24,si1s,0.554329
2022-01-25,cl1s,0.58095
2022-01-25,es1s,0.587259
2022-01-25,fesx1s,0.558652
2022-01-25,gc1s,0.559542
2022-01-25,hg1s,0.552532
2022-01-25,ho1s,0.536266
2022-01-25,ng1s,0.486612
2022-01-25,nq1s,0.586224
2022-01-25,pl1s,0.537225
2022-01-25,rb1s,0.53148
2022-01-25,si1s,0.545251
2022-01-26,cl1s,0.580409
2022-01-26,es1s,0.593249
2022-01-26,fesx1s,0.52694
2022-01-26,gc1s,0.536266
2022-01-26,hg1s,0.556927
2022-01-26,ho1s,0.536266
2022-01-26,ng1s,0.512199
2022-01-26,nq1s,0.589631
2022-01-26,pl1s,0.542749
2022-01-26,rb1s,0.556843
2022-01-26,si1s,0.521581
2022-01-27,cl1s,0.578685
2022-01-27,es1s,0.595868
2022-01-27,fesx1s,0.529108
2022-01-27,gc1s,0.536266
2022-01-27,hg1s,0.530443
2022-01-27,ho1s,0.536266
2022-01-27,ng1s,0.517959
2022-01-27,nq1s,0.572925
2022-01-27,pl1s,0.553325
2022-01-27,rb1s,0.556288
2022-01-27,si1s,0.519343
2022-01-28,cl1s,0.577181
2022-01-28,es1s,0.580585
2022-01-28,fesx1s,0.502538
2022-01-28,gc1s,0.536266
2022-01-28,hg1s,0.562663
2022-01-28,ho1s,0.536266
2022-01-28,ng1s,0.53522
2022-01-28,nq1s,0.577253
2022-01-28,pl1s,0.56391
2022-01-28,rb1s,0.557092
2022-01-28,si1s,0.539571
2022-01-31,cl1s,0.574909
2022-01-31,es1s,0.578992
2022-01-31,fesx1s,0.567826
2022-01-31,gc1s,0.536266
2022-01-31,hg1s,0.574165
2022-01-31,ho1s,0.536266
2022-01-31,ng1s,0.561719
2022-01-31,nq1s,0.590321
2022-01-31,pl1s,0.573002
2022-01-31,rb1s,0.568115
2022-01-31,si1s,0.520278
2022-02-01,cl1s,0.562248
2022-02-01,es1s,0.559169
2022-02-01,fesx1s,0.511961
2022-02-01,gc1s,0.536266
2022-02-01,hg1s,0.570773
2022-02-01,ho1s,0.536266
2022-02-01,ng1s,0.573581
2022-02-01,nq1s,0.587327
2022-02-01,pl1s,0.569075
2022-02-01,rb1s,0.566843
2022-02-01,si1s,0.536266
2022-02-02,cl1s,0.562157
2022-02-02,es1s,0.547086
2022-02-02,fesx1s,0.521418
2022-02-02,gc1s,0.536266
2022-02-02,hg1s,0.571395
2022-02-02,ho1s,0.536266
2022-02-02,ng1s,0.54893
2022-02-02,nq1s,0.573063
2022-02-02,pl1s,0.559288
2022-02-02,rb1s,0.564917
2022-02-02,si1s,0.528262
2022-02-03,cl1s,0.536266
2022-02-03,es1s,0.53787
2022-02-03,fesx1s,0.500697
2022-02-03,gc1s,0.536266
2022-02-03,hg1s,0.563449
2022-02-03,ho1s,0.536266
2022-02-03,ng1s,0.588201
2022-02-03,nq1s,0.582749
2022-02-03,pl1s,0.536266
2022-02-03,rb1s,0.55843
2022-02-03,si1s,0.533007
2022-02-04,cl1s,0.536266
2022-02-04,es1s,0.536266
2022-02-04,fesx1s,0.559173
2022-02-04,gc1s,0.536266
2022-02-04,hg1s,0.558885
2022-02-04,ho1s,0.536266
2022-02-04,ng1s,0.498122
2022-02-04,nq1s,0.549519
2022-02-04,pl1s,0.546654
2022-02-04,rb1s,0.55508
2022-02-04,si1s,0.51988
2022-02-07,cl1s,0.536266
2022-02-07,es1s,0.56784
2022-02-07,fesx1s,0.556465
2022-02-07,gc1s,0.536266
2022-02-07,hg1s,0.555251
2022-02-07,ho1s,0.536266
2022-02-07,ng1s,0.536266
2022-02-07,nq1s,0.536266
2022-02-07,pl1s,0.538577
2022-02-07,rb1s,0.553837
2022-02-07,si1s,0.51616
2022-02-08,cl1s,0.536266
2022-02-08,es1s,0.567219
2022-02-08,fesx1s,0.521438
2022-02-08,gc1s,0.536266
2022-02-08,hg1s,0.553028
2022-02-08,ho1s,0.536266
2022-02-08,ng1s,0.470375
2022-02-08,nq1s,0.576364
2022-02-08,pl1s,0.527589
2022-02-08,rb1s,0.489671
2022-02-08,si1s,0.517557
2022-02-09,cl1s,0.536266
2022-02-09,es1s,0.523737
2022-02-09,fesx1s,0.501517
2022-02-09,gc1s,0.536266
2022-02-09,hg1s,0.525128
2022-02-09,ho1s,0.536266
2022-02-09,ng1s,0.505862
2022-02-09,nq1s,0.594453
2022-02-09,pl1s,0.522431
2022-02-09,rb1s,0.552686
2022-02-09,si1s,0.52011
2022-02-10,cl1s,0.545711
2022-02-10,es1s,0.507208
2022-02-10,fesx1s,0.517391
2022-02-10,gc1s,0.536266
2022-02-10,hg1s,0.553124
2022-02-10,ho1s,0.536266
2022-02-10,ng1s,0.4885
2022-02-10,nq1s,0.604044
2022-02-10,pl1s,0.536266
2022-02-10,rb1s,0.563086
2022-02-10,si1s,0.527372
2022-02-11,cl1s,0.536266
2022-02-11,es1s,0.535916
2022-02-11,fesx1s,0.517269
2022-02-11,gc1s,0.536266
2022-02-11,hg1s,0.529794
2022-02-11,ho1s,0.536266
2022-02-11,ng1s,0.499315
2022-02-11,nq1s,0.605195
2022-02-11,pl1s,0.501565
2022-02-11,rb1s,0.56293
2022-02-11,si1s,0.550359
2022-02-14,cl1s,0.536266
2022-02-14,es1s,0.53778
2022-02-14,fesx1s,0.543632
2022-02-14,gc1s,0.536266
2022-02-14,hg1s,0.545927
2022-02-14,ho1s,0.536266
2022-02-14,ng1s,0.489025
2022-02-14,nq1s,0.603941
2022-02-14,pl1s,0.511672
2022-02-14,rb1s,0.499905
2022-02-14,si1s,0.541824
2022-02-15,cl1s,0.54236
2022-02-15,es1s,0.543414
2022-02-15,fesx1s,0.53076
2022-02-15,gc1s,0.536266
2022-02-15,hg1s,0.556683
2022-02-15,ho1s,0.536266
2022-02-15,ng1s,0.525499
2022-02-15,nq1s,0.600297
2022-02-15,pl1s,0.493294
2022-02-15,rb1s,0.547009
2022-02-15,si1s,0.547616
2022-02-16,cl1s,0.539048
2022-02-16,es1s,0.54927
2022-02-16,fesx1s,0.54709
2022-02-16,gc1s,0.572644
2022-02-16,hg1s,0.562058
2022-02-16,ho1s,0.536266
2022-02-16,ng1s,0.491746
2022-02-16,nq1s,0.603332
2022-02-16,pl1s,0.494189
2022-02-16,rb1s,0.518206
2022-02-16,si1s,0.538191
2022-02-17,cl1s,0.539393
2022-02-17,es1s,0.553597
2022-02-17,fesx1s,0.519457
2022-02-17,gc1s,0.536266
2022-02-17,hg1s,0.557243
2022-02-17,ho1s,0.536266
2022-02-17,ng1s,0.503767
2022-02-17,nq1s,0.599937
2022-02-17,pl1s,0.515328
2022-02-17,rb1s,0.521798
2022-02-17,si1s,0.540426
2022-02-18,cl1s,0.559353
2022-02-18,es1s,0.570889
2022-02-18,fesx1s,0.549367
2022-02-18,gc1s,0.536266
2022-02-18,hg1s,0.546439
2022-02-18,ho1s,0.536266
2022-02-18,ng1s,0.487208
2022-02-18,nq1s,0.602972
2022-02-18,pl1s,0.536266
2022-02-18,rb1s,0.489466
2022-02-18,si1s,0.552853
2022-02-21,cl1s,0.536266
2022-02-21,es1s,0.536266
2022-02-21,fesx1s,0.529261
2022-02-21,gc1s,0.536266
2022-02-21,hg1s,0.536266
2022-02-21,ho1s,0.536266
2022-02-21,ng1s,0.536266
2022-02-21,nq1s,0.536266
2022-02-21,pl1s,0.536266
2022-02-21,rb1s,0.536266
2022-02-21,si1s,0.536266
2022-02-22,cl1s,0.585756
2022-02-22,es1s,0.569649
2022-02-22,fesx1s,0.522594
2022-02-22,gc1s,0.571494
2022-02-22,hg1s,0.539677
2022-02-22,ho1s,0.536266
2022-02-22,ng1s,0.497886
2022-02-22,nq1s,0.593153
2022-02-22,pl1s,0.533059
2022-02-22,rb1s,0.515125
2022-02-22,si1s,0.549639
2022-02-23,cl1s,0.576351
2022-02-23,es1s,0.563688
2022-02-23,fesx1s,0.562921
2022-02-23,gc1s,0.536266
2022-02-23,hg1s,0.537462
2022-02-23,ho1s,0.536266
2022-02-23,ng1s,0.530857
2022-02-23,nq1s,0.597065
2022-02-23,pl1s,0.532441
2022-02-23,rb1s,0.538788
2022-02-23,si1s,0.568234
2022-02-24,cl1s,0.566756
2022-02-24,es1s,0.583079
2022-02-24,fesx1s,0.56334
2022-02-24,gc1s,0.565249
2022-02-24,hg1s,0.541055
2022-02-24,ho1s,0.536266
2022-02-24,ng1s,0.523208
2022-02-24,nq1s,0.598921
2022-02-24,pl1s,0.517066
2022-02-24,rb1s,0.538648
2022-02-24,si1s,0.525594
2022-02-25,cl1s,0.572933
2022-02-25,es1s,0.570364
2022-02-25,fesx1s,0.525802
2022-02-25,gc1s,0.587228
2022-02-25,hg1s,0.536316
2022-02-25,ho1s,0.536266
2022-02-25,ng1s,0.537238
2022-02-25,nq1s,0.593192
2022-02-25,pl1s,0.556552
2022-02-25,rb1s,0.519152
2022-02-25,si1s,0.585111
2022-02-28,cl1s,0.563393
2022-02-28,es1s,0.576359
2022-02-28,fesx1s,0.497351
2022-02-28,gc1s,0.536266
2022-02-28,hg1s,0.544655
2022-02-28,ho1s,0.536266
2022-02-28,ng1s,0.513569
2022-02-28,nq1s,0.59621
2022-02-28,pl1s,0.535218
2022-02-28,rb1s,0.532542
2022-02-28,si1s,0.493661
2022-03-01,cl1s,0.536266
2022-03-01,es1s,0.571586
2022-03-01,fesx1s,0.510663
2022-03-01,gc1s,0.536266
2022-03-01,hg1s,0.548932
2022-03-01,ho1s,0.536266
2022-03-01,ng1s,0.551423
2022-03-01,nq1s,0.588915
2022-03-01,pl1s,0.549467
2022-03-01,rb1s,0.547755
2022-03-01,si1s,0.514139
2022-03-02,cl1s,0.536266
2022-03-02,es1s,0.582812
2022-03-02,fesx1s,0.535716
2022-03-02,gc1s,0.536266
2022-03-02,hg1s,0.556749
2022-03-02,ho1s,0.536266
2022-03-02,ng1s,0.561753
2022-03-02,nq1s,0.539848
2022-03-02,pl1s,0.505773
2022-03-02,rb1s,0.482656
2022-03-02,si1s,0.522292
2022-03-03,cl1s,0.595935
2022-03-03,es1s,0.583561
2022-03-03,fesx1s,0.528388
2022-03-03,gc1s,0.575638
2022-03-03,hg1s,0.515704
2022-03-03,ho1s,0.536266
2022-03-03,ng1s,0.579186
2022-03-03,nq1s,0.54568
2022-03-03,pl1s,0.516928
2022-03-03,rb1s,0.479806
2022-03-03,si1s,0.522288
2022-03-04,cl1s,0.536266
2022-03-04,es1s,0.58342
2022-03-04,fesx1s,0.520858
2022-03-04,gc1s,0.536266
2022-03-04,hg1s,0.519378
2022-03-04,ho1s,0.536266
2022-03-04,ng1s,0.572666
2022-03-04,nq1s,0.586372
2022-03-04,pl1s,0.491458
2022-03-04,rb1s,0.488997
2022-03-04,si1s,0.520328
2022-03-07,cl1s,0.536266
2022-03-07,es1s,0.58286
2022-03-07,fesx1s,0.525879
2022-03-07,gc1s,0.536266
2022-03-07,hg1s,0.490702
2022-03-07,ho1s,0.536266
2022-03-07,ng1s,0.564118
2022-03-07,nq1s,0.591792
2022-03-07,pl1s,0.502992
2022-03-07,rb1s,0.480953
2022-03-07,si1s,0.519354
2022-03-08,cl1s,0.536266
2022-03-08,es1s,0.587437
2022-03-08,fesx1s,0.526361
2022-03-08,gc1s,0.536266
2022-03-08,hg1s,0.500275
2022-03-08,ho1s,0.536266
2022-03-08,ng1s,0.548429
2022-03-08,nq1s,0.585601
2022-03-08,pl1s,0.510602
2022-03-08,rb1s,0.488691
2022-03-08,si1s,0.536266
2022-03-09,cl1s,0.536266
2022-03-09,es1s,0.583697
2022-03-09,fesx1s,0.479597
2022-03-09,gc1s,0.536266
2022-03-09,hg1s,0.561897
2022-03-09,ho1s,0.536266
2022-03-09,ng1s,0.555475
2022-03-09,nq1s,0.597216
2022-03-09,pl1s,0.500859
2022-03-09,rb1s,0.480796
2022-03-09,si1s,0.51922
2022-03-10,cl1s,0.536266
2022-03-10,es1s,0.587555
2022-03-10,fesx1s,0.495754
2022-03-10,gc1s,0.536266
2022-03-10,hg1s,0.551852
2022-03-10,ho1s,0.536266
2022-03-10,ng1s,0.55285
2022-03-10,nq1s,0.592401
2022-03-10,pl1s,0.4936
2022-03-10,rb1s,0.500219
2022-03-10,si1s,0.536266
2022-03-11,cl1s,0.536266
2022-03-11,es1s,0.577825
2022-03-11,fesx1s,0.493309
2022-03-11,gc1s,0.536266
2022-03-11,hg1s,0.555525
2022-03-11,ho1s,0.536266
2022-03-11,ng1s,0.564068
2022-03-11,nq1s,0.586733
2022-03-11,pl1s,0.502835
2022-03-11,rb1s,0.502848
2022-03-11,si1s,0.510497
2022-03-14,cl1s,0.550264
2022-03-14,es1s,0.574997
2022-03-14,fesx1s,0.484948
2022-03-14,gc1s,0.536266
2022-03-14,hg1s,0.525204
2022-03-14,ho1s,0.536266
2022-03-14,ng1s,0.561329
2022-03-14,nq1s,0.588383
2022-03-14,pl1s,0.511393
2022-03-14,rb1s,0.482279
2022-03-14,si1s,0.536266
2022-03-15,cl1s,0.536266
2022-03-15,es1s,0.574263
2022-03-15,fesx1s,0.488188
2022-03-15,gc1s,0.536266
2022-03-15,hg1s,0.513139
2022-03-15,ho1s,0.536266
2022-03-15,ng1s,0.548893
2022-03-15,nq1s,0.576831
2022-03-15,pl1s,0.530111
2022-03-15,rb1s,0.520386
2022-03-15,si1s,0.518146
2022-03-16,cl1s,0.536266
2022-03-16,es1s,0.545098
2022-03-16,fesx1s,0.508883
2022-03-16,gc1s,0.536266
2022-03-16,hg1s,0.513958
2022-03-16,ho1s,0.536266
2022-03-16,ng1s,0.543985
2022-03-16,nq1s,0.58378
2022-03-16,pl1s,0.530761
2022-03-16,rb1s,0.503662
2022-03-16,si1s,0.536266
2022-03-17,cl1s,0.536266
2022-03-17,es1s,0.522182
2022-03-17,fesx1s,0.511608
2022-03-17,gc1s,0.536266
2022-03-17,hg1s,0.513562
2022-03-17,ho1s,0.536266
2022-03-17,ng1s,0.569433
2022-03-17,nq1s,0.589744
2022-03-17,pl1s,0.520051
2022-03-17,rb1s,0.47201
2022-03-17,si1s,0.507016
2022-03-18,cl1s,0.531602
2022-03-18,es1s,0.541568
2022-03-18,fesx1s,0.487144
2022-03-18,gc1s,0.536266
2022-03-18,hg1s,0.505396
2022-03-18,ho1s,0.536266
2022-03-18,ng1s,0.536266
2022-03-18,nq1s,0.587834
2022-03-18,pl1s,0.516407
2022-03-18,rb1s,0.471016
2022-03-18,si1s,0.516056
2022-03-21,cl1s,0.535711
2022-03-21,es1s,0.533973
2022-03-21,fesx1s,0.490743
2022-03-21,gc1s,0.536266
2022-03-21,hg1s,0.498297
2022-03-21,ho1s,0.536266
2022-03-21,ng1s,0.536266
2022-03-21,nq1s,0.577595
2022-03-21,pl1s,0.536266
2022-03-21,rb1s,0.476312
2022-03-21,si1s,0.536266
2022-03-22,cl1s,0.534668
2022-03-22,es1s,0.51118
2022-03-22,fesx1s,0.498103
2022-03-22,gc1s,0.537195
2022-03-22,hg1s,0.492715
2022-03-22,ho1s,0.536266
2022-03-22,ng1s,0.536266
2022-03-22,nq1s,0.574276
2022-03-22,pl1s,0.536266
2022-03-22,rb1s,0.472458
2022-03-22,si1s,0.51365
2022-03-23,cl1s,0.544653
2022-03-23,es1s,0.568445
2022-03-23,fesx1s,0.502495
2022-03-23,gc1s,0.536266
2022-03-23,hg1s,0.491556
2022-03-23,ho1s,0.536266
2022-03-23,ng1s,0.536266
2022-03-23,nq1s,0.586043
2022-03-23,pl1s,0.536266
2022-03-23,rb1s,0.478145
2022-03-23,si1s,0.510952
2022-03-24,cl1s,0.552057
2022-03-24,es1s,0.560606
2022-03-24,fesx1s,0.507201
2022-03-24,gc1s,0.536266
2022-03-24,hg1s,0.502904
2022-03-24,ho1s,0.536266
2022-03-24,ng1s,0.536266
2022-03-24,nq1s,0.51915
2022-03-24,pl1s,0.498441
2022-03-24,rb1s,0.476775
2022-03-24,si1s,0.511682
2022-03-25,cl1s,0.555662
2022-03-25,es1s,0.560164
2022-03-25,fesx1s,0.523993
2022-03-25,gc1s,0.536266
2022-03-25,hg1s,0.539349
2022-03-25,ho1s,0.536266
2022-03-25,ng1s,0.536266
2022-03-25,nq1s,0.507005
2022-03-25,pl1s,0.497184
2022-03-25,rb1s,0.475637
2022-03-25,si1s,0.520291
2022-03-28,cl1s,0.555754
2022-03-28,es1s,0.557884
2022-03-28,fesx1s,0.518894
2022-03-28,gc1s,0.536266
2022-03-28,hg1s,0.523884
2022-03-28,ho1s,0.536266
2022-03-28,ng1s,0.536266
2022-03-28,nq1s,0.525852
2022-03-28,pl1s,0.513988
2022-03-28,rb1s,0.476681
2022-03-28,si1s,0.516294
2022-03-29,cl1s,0.536266
2022-03-29,es1s,0.555433
2022-03-29,fesx1s,0.496597
2022-03-29,gc1s,0.536266
2022-03-29,hg1s,0.517039
2022-03-29,ho1s,0.536266
2022-03-29,ng1s,0.536266
2022-03-29,nq1s,0.583674
2022-03-29,pl1s,0.531573
2022-03-29,rb1s,0.489677
2022-03-29,si1s,0.514154
2022-03-30,cl1s,0.536266
2022-03-30,es1s,0.555995
2022-03-30,fesx1s,0.50128
2022-03-30,gc1s,0.536266
2022-03-30,hg1s,0.512796
2022-03-30,ho1s,0.536266
2022-03-30,ng1s,0.536266
2022-03-30,nq1s,0.59357
2022-03-30,pl1s,0.536266
2022-03-30,rb1s,0.479089
2022-03-30,si1s,0.519309
2022-03-31,cl1s,0.536266
2022-03-31,es1s,0.549727
2022-03-31,fesx1s,0.514293
2022-03-31,gc1s,0.536266
2022-03-31,hg1s,0.516883
2022-03-31,ho1s,0.536266
2022-03-31,ng1s,0.536266
2022-03-31,nq1s,0.572289
2022-03-31,pl1s,0.536266
2022-03-31,rb1s,0.525999
2022-03-31,si1s,0.523279
2022-04-01,cl1s,0.536266
2022-04-01,es1s,0.543383
2022-04-01,fesx1s,0.512298
2022-04-01,gc1s,0.536266
2022-04-01,hg1s,0.512913
2022-04-01,ho1s,0.536266
2022-04-01,ng1s,0.536266
2022-04-01,nq1s,0.579908
2022-04-01,pl1s,0.536266
2022-04-01,rb1s,0.507586
2022-04-01,si1s,0.548415
2022-04-04,cl1s,0.536266
2022-04-04,es1s,0.547639
2022-04-04,fesx1s,0.518908
2022-04-04,gc1s,0.536266
2022-04-04,hg1s,0.517669
2022-04-04,ho1s,0.536266
2022-04-04,ng1s,0.536266
2022-04-04,nq1s,0.586593
2022-04-04,pl1s,0.531122
2022-04-04,rb1s,0.512008
2022-04-04,si1s,0.526076
2022-04-05,cl1s,0.536266
2022-04-05,es1s,0.554743
2022-04-05,fesx1s,0.541782
2022-04-05,gc1s,0.536266
2022-04-05,hg1s,0.522916
2022-04-05,ho1s,0.536266
2022-04-05,ng1s,0.536266
2022-04-05,nq1s,0.579527
2022-04-05,pl1s,0.530689
2022-04-05,rb1s,0.506321
2022-04-05,si1s,0.531726
2022-04-06,cl1s,0.536266
2022-04-06,es1s,0.526828
2022-04-06,fesx1s,0.512175
2022-04-06,gc1s,0.536266
2022-04-06,hg1s,0.506031
2022-04-06,ho1s,0.536266
2022-04-06,ng1s,0.536266
2022-04-06,nq1s,0.5633
2022-04-06,pl1s,0.54214
2022-04-06,rb1s,0.510828
2022-04-06,si1s,0.528426
2022-04-07,cl1s,0.536266
2022-04-07,es1s,0.552706
2022-04-07,fesx1s,0.515123
2022-04-07,gc1s,0.536266
2022-04-07,hg1s,0.49277
2022-04-07,ho1s,0.536266
2022-04-07,ng1s,0.536266
2022-04-07,nq1s,0.57547
2022-04-07,pl1s,0.548922
2022-04-07,rb1s,0.495811
2022-04-07,si1s,0.533909
2022-04-08,cl1s,0.536266
2022-04-08,es1s,0.540361
2022-04-08,fesx1s,0.554775
2022-04-08,gc1s,0.536266
2022-04-08,hg1s,0.518564
2022-04-08,ho1s,0.536266
2022-04-08,ng1s,0.536266
2022-04-08,nq1s,0.554944
2022-04-08,pl1s,0.544008
2022-04-08,rb1s,0.501115
2022-04-08,si1s,0.536266
2022-04-11,cl1s,0.536266
2022-04-11,es1s,0.551119
2022-04-11,fesx1s,0.567004
2022-04-11,gc1s,0.536266
2022-04-11,hg1s,0.529346
2022-04-11,ho1s,0.536266
2022-04-11,ng1s,0.536266
2022-04-11,nq1s,0.556574
2022-04-11,pl1s,0.521476
2022-04-11,rb1s,0.50783
2022-04-11,si1s,0.537775
2022-04-12,cl1s,0.536266
2022-04-12,es1s,0.564838
2022-04-12,fesx1s,0.569222
2022-04-12,gc1s,0.536266
2022-04-12,hg1s,0.492457
2022-04-12,ho1s,0.536266
2022-04-12,ng1s,0.536266
2022-04-12,nq1s,0.562608
2022-04-12,pl1s,0.507372
2022-04-12,rb1s,0.500661
2022-04-12,si1s,0.55716
2022-04-13,cl1s,0.553202
2022-04-13,es1s,0.549162
2022-04-13,fesx1s,0.565866
2022-04-13,gc1s,0.536266
2022-04-13,hg1s,0.520868
2022-04-13,ho1s,0.536266
2022-04-13,ng1s,0.536266
2022-04-13,nq1s,0.552335
2022-04-13,pl1s,0.513516
2022-04-13,rb1s,0.500175
2022-04-13,si1s,0.522562
2022-04-14,cl1s,0.541253
2022-04-14,es1s,0.574011
2022-04-14,fesx1s,0.551
2022-04-14,gc1s,0.536266
2022-04-14,hg1s,0.518774
2022-04-14,ho1s,0.536266
2022-04-14,ng1s,0.536266
2022-04-14,nq1s,0.536801
2022-04-14,pl1s,0.493384
2022-04-14,rb1s,0.481814
2022-04-14,si1s,0.568001
2022-04-18,cl1s,0.536266
2022-04-18,es1s,0.569684
2022-04-18,fesx1s,0.536266
2022-04-18,gc1s,0.536266
2022-04-18,hg1s,0.524437
2022-04-18,ho1s,0.536266
2022-04-18,ng1s,0.536266
2022-04-18,nq1s,0.553817
2022-04-18,pl1s,0.498638
2022-04-18,rb1s,0.495983
2022-04-18,si1s,0.53275
2022-04-19,cl1s,0.536266
2022-04-19,es1s,0.553294
2022-04-19,fesx1s,0.499732
2022-04-19,gc1s,0.536266
2022-04-19,hg1s,0.512363
2022-04-19,ho1s,0.536266
2022-04-19,ng1s,0.536266
2022-04-19,nq1s,0.554726
2022-04-19,pl1s,0.517883
2022-04-19,rb1s,0.49595
2022-04-19,si1s,0.53061
2022-04-20,cl1s,0.536266
2022-04-20,es1s,0.55328
2022-04-20,fesx1s,0.508612
2022-04-20,gc1s,0.536266
2022-04-20,hg1s,0.518268
2022-04-20,ho1s,0.536266
2022-04-20,ng1s,0.536266
2022-04-20,nq1s,0.535376
2022-04-20,pl1s,0.541248
2022-04-20,rb1s,0.524983
2022-04-20,si1s,0.536266
2022-04-21,cl1s,0.536266
2022-04-21,es1s,0.546318
2022-04-21,fesx1s,0.510125
2022-04-21,gc1s,0.536266
2022-04-21,hg1s,0.519971
2022-04-21,ho1s,0.536266
2022-04-21,ng1s,0.536266
2022-04-21,nq1s,0.533031
2022-04-21,pl1s,0.527086
2022-04-21,rb1s,0.504667
2022-04-21,si1s,0.527865
2022-04-22,cl1s,0.536266
2022-04-22,es1s,0.565693
2022-04-22,fesx1s,0.50662
2022-04-22,gc1s,0.536266
2022-04-22,hg1s,0.563576
2022-04-22,ho1s,0.536266
2022-04-22,ng1s,0.536266
2022-04-22,nq1s,0.577361
2022-04-22,pl1s,0.5264
2022-04-22,rb1s,0.524208
2022-04-22,si1s,0.563851
2022-04-25,cl1s,0.536266
2022-04-25,es1s,0.560292
2022-04-25,fesx1s,0.518279
2022-04-25,gc1s,0.548878
2022-04-25,hg1s,0.552062
2022-04-25,ho1s,0.536266
2022-04-25,ng1s,0.536266
2022-04-25,nq1s,0.511596
2022-04-25,pl1s,0.536266
2022-04-25,rb1s,0.52241
2022-04-25,si1s,0.544384
2022-04-26,cl1s,0.536266
2022-04-26,es1s,0.555563
2022-04-26,fesx1s,0.518107
2022-04-26,gc1s,0.536266
2022-04-26,hg1s,0.552806
2022-04-26,ho1s,0.536266
2022-04-26,ng1s,0.536266
2022-04-26,nq1s,0.569372
2022-04-26,pl1s,0.536266
2022-04-26,rb1s,0.497111
2022-04-26,si1s,0.538626
2022-04-27,cl1s,0.573096
2022-04-27,es1s,0.575716
2022-04-27,fesx1s,0.507804
2022-04-27,gc1s,0.519985
2022-04-27,hg1s,0.533075
2022-04-27,ho1s,0.536266
2022-04-27,ng1s,0.536266
2022-04-27,nq1s,0.56958
2022-04-27,pl1s,0.554442
2022-04-27,rb1s,0.486584
2022-04-27,si1s,0.495848
2022-04-28,cl1s,0.552143
2022-04-28,es1s,0.572908
2022-04-28,fesx1s,0.495192
2022-04-28,gc1s,0.524541
2022-04-28,hg1s,0.524196
2022-04-28,ho1s,0.536266
2022-04-28,ng1s,0.536266
2022-04-28,nq1s,0.535842
2022-04-28,pl1s,0.540698
2022-04-28,rb1s,0.495577
2022-04-28,si1s,0.513412
2022-04-29,cl1s,0.556881
2022-04-29,es1s,0.573457
2022-04-29,fesx1s,0.522093
2022-04-29,gc1s,0.536266
2022-04-29,hg1s,0.548623
2022-04-29,ho1s,0.536266
2022-04-29,ng1s,0.536266
2022-04-29,nq1s,0.589119
2022-04-29,pl1s,0.508106
2022-04-29,rb1s,0.493017
2022-04-29,si1s,0.514488
2022-05-02,cl1s,0.549719
2022-05-02,es1s,0.570096
2022-05-02,fesx1s,0.520471
2022-05-02,gc1s,0.522899
2022-05-02,hg1s,0.548626
2022-05-02,ho1s,0.536266
2022-05-02,ng1s,0.536266
2022-05-02,nq1s,0.518098
2022-05-02,pl1s,0.515654
2022-05-02,rb1s,0.491869
2022-05-02,si1s,0.521606
2022-05-03,cl1s,0.546811
2022-05-03,es1s,0.560865
2022-05-03,fesx1s,0.52372
2022-05-03,gc1s,0.536266
2022-05-03,hg1s,0.564683
2022-05-03,ho1s,0.536266
2022-05-03,ng1s,0.536266
2022-05-03,nq1s,0.587333
2022-05-03,pl1s,0.536266
2022-05-03,rb1s,0.490842
2022-05-03,si1s,0.525991
2022-05-04,cl1s,0.546234
2022-05-04,es1s,0.526526
2022-05-04,fesx1s,0.504488
2022-05-04,gc1s,0.536266
2022-05-04,hg1s,0.554907
2022-05-04,ho1s,0.536266
2022-05-04,ng1s,0.555499
2022-05-04,nq1s,0.577006
2022-05-04,pl1s,0.536266
2022-05-04,rb1s,0.492612
2022-05-04,si1s,0.530485
2022-05-05,cl1s,0.554896
2022-05-05,es1s,0.562619
2022-05-05,fesx1s,0.50601
2022-05-05,gc1s,0.536266
2022-05-05,hg1s,0.552941
2022-05-05,ho1s,0.536266
2022-05-05,ng1s,0.555165
2022-05-05,nq1s,0.568055
2022-05-05,pl1s,0.510946
2022-05-05,rb1s,0.499613
2022-05-05,si1s,0.552643
2022-05-06,cl1s,0.557899
2022-05-06,es1s,0.569967
2022-05-06,fesx1s,0.49897
2022-05-06,gc1s,0.536266
2022-05-06,hg1s,0.557669
2022-05-06,ho1s,0.536266
2022-05-06,ng1s,0.55838
2022-05-06,nq1s,0.567638
2022-05-06,pl1s,0.517194
2022-05-06,rb1s,0.494174
2022-05-06,si1s,0.564281
2022-05-09,cl1s,0.565171
2022-05-09,es1s,0.552942
2022-05-09,fesx1s,0.531391
2022-05-09,gc1s,0.54257
2022-05-09,hg1s,0.566411
2022-05-09,ho1s,0.536266
2022-05-09,ng1s,0.536266
2022-05-09,nq1s,0.584538
2022-05-09,pl1s,0.527424
2022-05-09,rb1s,0.48511
2022-05-09,si1s,0.541253
2022-05-10,cl1s,0.569225
2022-05-10,es1s,0.567925
2022-05-10,fesx1s,0.523371
2022-05-10,gc1s,0.569016
2022-05-10,hg1s,0.544638
2022-05-10,ho1s,0.536266
2022-05-10,ng1s,0.536266
2022-05-10,nq1s,0.584409
2022-05-10,pl1s,0.541714
2022-05-10,rb1s,0.542445
2022-05-10,si1s,0.573871
2022-05-11,cl1s,0.56277
2022-05-11,es1s,0.560036
2022-05-11,fesx1s,0.518964
2022-05-11,gc1s,0.536266
2022-05-11,hg1s,0.551427
2022-05-11,ho1s,0.536266
2022-05-11,ng1s,0.536266
2022-05-11,nq1s,0.600249
2022-05-11,pl1s,0.53924
2022-05-11,rb1s,0.504014
2022-05-11,si1s,0.578762
2022-05-12,cl1s,0.555311
2022-05-12,es1s,0.562972
2022-05-12,fesx1s,0.488027
2022-05-12,gc1s,0.570065
2022-05-12,hg1s,0.552924
2022-05-12,ho1s,0.536266
2022-05-12,ng1s,0.536266
2022-05-12,nq1s,0.595693
2022-05-12,pl1s,0.533864
2022-05-12,rb1s,0.479104
2022-05-12,si1s,0.574079
2022-05-13,cl1s,0.548538
2022-05-13,es1s,0.559876
2022-05-13,fesx1s,0.538566
2022-05-13,gc1s,0.593034
2022-05-13,hg1s,0.547763
2022-05-13,ho1s,0.536266
2022-05-13,ng1s,0.536266
2022-05-13,nq1s,0.59898
2022-05-13,pl1s,0.576522
2022-05-13,rb1s,0.488605
2022-05-13,si1s,0.579627
2022-05-16,cl1s,0.553817
2022-05-16,es1s,0.579163
2022-05-16,fesx1s,0.514243
2022-05-16,gc1s,0.536266
2022-05-16,hg1s,0.543244
2022-05-16,ho1s,0.536266
2022-05-16,ng1s,0.536266
2022-05-16,nq1s,0.596857
2022-05-16,pl1s,0.573838
2022-05-16,rb1s,0.490382
2022-05-16,si1s,0.574923
2022-05-17,cl1s,0.566887
2022-05-17,es1s,0.574648
2022-05-17,fesx1s,0.532953
2022-05-17,gc1s,0.578895
2022-05-17,hg1s,0.539323
2022-05-17,ho1s,0.536266
2022-05-17,ng1s,0.561454
2022-05-17,nq1s,0.60287
2022-05-17,pl1s,0.571976
2022-05-17,rb1s,0.491968
2022-05-17,si1s,0.576121
2022-05-18,cl1s,0.553074
2022-05-18,es1s,0.579129
2022-05-18,fesx1s,0.517415
2022-05-18,gc1s,0.559182
2022-05-18,hg1s,0.561576
2022-05-18,ho1s,0.536266
2022-05-18,ng1s,0.582827
2022-05-18,nq1s,0.604044
2022-05-18,pl1s,0.56596
2022-05-18,rb1s,0.500037
2022-05-18,si1s,0.556874
2022-05-19,cl1s,0.569387
2022-05-19,es1s,0.5827
2022-05-19,fesx1s,0.515397
2022-05-19,gc1s,0.536266
2022-05-19,hg1s,0.548442
2022-05-19,ho1s,0.536266
2022-05-19,ng1s,0.580242
2022-05-19,nq1s,0.600763
2022-05-19,pl1s,0.536266
2022-05-19,rb1s,0.496456
2022-05-19,si1s,0.552799
2022-05-20,cl1s,0.574274
2022-05-20,es1s,0.57629
2022-05-20,fesx1s,0.524892
2022-05-20,gc1s,0.536266
2022-05-20,hg1s,0.524459
2022-05-20,ho1s,0.536266
2022-05-20,ng1s,0.536266
2022-05-20,nq1s,0.602499
2022-05-20,pl1s,0.513557
2022-05-20,rb1s,0.490589
2022-05-20,si1s,0.561754
2022-05-23,cl1s,0.560842
2022-05-23,es1s,0.577339
2022-05-23,fesx1s,0.53666
2022-05-23,gc1s,0.536266
2022-05-23,hg1s,0.510677
2022-05-23,ho1s,0.536266
2022-05-23,ng1s,0.536266
2022-05-23,nq1s,0.603061
2022-05-23,pl1s,0.536266
2022-05-23,rb1s,0.481844
2022-05-23,si1s,0.551595
2022-05-24,cl1s,0.562889
2022-05-24,es1s,0.586609
2022-05-24,fesx1s,0.539435
2022-05-24,gc1s,0.536266
2022-05-24,hg1s,0.534324
2022-05-24,ho1s,0.536266
2022-05-24,ng1s,0.536266
2022-05-24,nq1s,0.606082
2022-05-24,pl1s,0.522775
2022-05-24,rb1s,0.482555
2022-05-24,si1s,0.557234
2022-05-25,cl1s,0.558484
2022-05-25,es1s,0.583258
2022-05-25,fesx1s,0.550522
2022-05-25,gc1s,0.536266
2022-05-25,hg1s,0.55867
2022-05-25,ho1s,0.536266
2022-05-25,ng1s,0.565128
2022-05-25,nq1s,0.60469
2022-05-25,pl1s,0.512961
2022-05-25,rb1s,0.488786
2022-05-25,si1s,0.555319
2022-05-26,cl1s,0.556139
2022-05-26,es1s,0.536266
2022-05-26,fesx1s,0.552381
2022-05-26,gc1s,0.536266
2022-05-26,hg1s,0.551388
2022-05-26,ho1s,0.536266
2022-05-26,ng1s,0.536266
2022-05-26,nq1s,0.605304
2022-05-26,pl1s,0.522576
2022-05-26,rb1s,0.499975
2022-05-26,si1s,0.564176
2022-05-27,cl1s,0.567674
2022-05-27,es1s,0.578302
2022-05-27,fesx1s,0.563028
2022-05-27,gc1s,0.536266
2022-05-27,hg1s,0.533724
2022-05-27,ho1s,0.536266
2022-05-27,ng1s,0.536266
2022-05-27,nq1s,0.602061
2022-05-27,pl1s,0.521886
2022-05-27,rb1s,0.480548
2022-05-27,si1s,0.518569
2022-05-30,cl1s,0.536266
2022-05-30,es1s,0.536266
2022-05-30,fesx1s,0.538636
2022-05-30,gc1s,0.536266
2022-05-30,hg1s,0.536266
2022-05-30,ho1s,0.536266
2022-05-30,ng1s,0.536266
2022-05-30,nq1s,0.536266
2022-05-30,pl1s,0.536266
2022-05-30,rb1s,0.536266
2022-05-30,si1s,0.536266
2022-05-31,cl1s,0.572401
2022-05-31,es1s,0.542573
2022-05-31,fesx1s,0.569232
2022-05-31,gc1s,0.550683
2022-05-31,hg1s,0.538402
2022-05-31,ho1s,0.537725
2022-05-31,ng1s,0.536266
2022-05-31,nq1s,0.598677
2022-05-31,pl1s,0.504785
2022-05-31,rb1s,0.48801
2022-05-31,si1s,0.545665
2022-06-01,cl1s,0.579732
2022-06-01,es1s,0.536266
2022-06-01,fesx1s,0.577664
2022-06-01,gc1s,0.563737
2022-06-01,hg1s,0.511926
2022-06-01,ho1s,0.536266
2022-06-01,ng1s,0.517339
2022-06-01,nq1s,0.536266
2022-06-01,pl1s,0.51814
2022-06-01,rb1s,0.488295
2022-06-01,si1s,0.527349
2022-06-02,cl1s,0.574178
2022-06-02,es1s,0.506536
2022-06-02,fesx1s,0.556661
2022-06-02,gc1s,0.536266
2022-06-02,hg1s,0.518766
2022-06-02,ho1s,0.527406
2022-06-02,ng1s,0.582457
2022-06-02,nq1s,0.601382
2022-06-02,pl1s,0.536266
2022-06-02,rb1s,0.492625
2022-06-02,si1s,0.517731
2022-06-03,cl1s,0.568775
2022-06-03,es1s,0.552943
2022-06-03,fesx1s,0.584722
2022-06-03,gc1s,0.546069
2022-06-03,hg1s,0.526477
2022-06-03,ho1s,0.536266
2022-06-03,ng1s,0.573212
2022-06-03,nq1s,0.591842
2022-06-03,pl1s,0.504882
2022-06-03,rb1s,0.48703
2022-06-03,si1s,0.501467
2022-06-06,cl1s,0.570714
2022-06-06,es1s,0.536266
2022-06-06,fesx1s,0.554187
2022-06-06,gc1s,0.536266
2022-06-06,hg1s,0.545135
2022-06-06,ho1s,0.536266
2022-06-06,ng1s,0.564726
2022-06-06,nq1s,0.598012
2022-06-06,pl1s,0.536266
2022-06-06,rb1s,0.508705
2022-06-06,si1s,0.51443
2022-06-07,cl1s,0.569505
2022-06-07,es1s,0.536266
2022-06-07,fesx1s,0.594952
2022-06-07,gc1s,0.542956
2022-06-07,hg1s,0.521083
2022-06-07,ho1s,0.536266
2022-06-07,ng1s,0.592406
2022-06-07,nq1s,0.60069
2022-06-07,pl1s,0.536266
2022-06-07,rb1s,0.506502
2022-06-07,si1s,0.508491
2022-06-08,cl1s,0.560314
2022-06-08,es1s,0.513685
2022-06-08,fesx1s,0.590282
2022-06-08,gc1s,0.536266
2022-06-08,hg1s,0.536533
2022-06-08,ho1s,0.536266
2022-06-08,ng1s,0.57347
2022-06-08,nq1s,0.597079
2022-06-08,pl1s,0.536266
2022-06-08,rb1s,0.499088
2022-06-08,si1s,0.512518
2022-06-09,cl1s,0.573845
2022-06-09,es1s,0.552919
2022-06-09,fesx1s,0.586901
2022-06-09,gc1s,0.536266
2022-06-09,hg1s,0.544602
2022-06-09,ho1s,0.536266
2022-06-09,ng1s,0.536266
2022-06-09,nq1s,0.59897
2022-06-09,pl1s,0.550034
2022-06-09,rb1s,0.487541
2022-06-09,si1s,0.540277
2022-06-10,cl1s,0.561395
2022-06-10,es1s,0.505773
2022-06-10,fesx1s,0.579199
2022-06-10,gc1s,0.536266
2022-06-10,hg1s,0.559066
2022-06-10,ho1s,0.536266
2022-06-10,ng1s,0.536266
2022-06-10,nq1s,0.562515
2022-06-10,pl1s,0.568463
2022-06-10,rb1s,0.492527
2022-06-10,si1s,0.52493
2022-06-13,cl1s,0.562807
2022-06-13,es1s,0.536266
2022-06-13,fesx1s,0.597463
2022-06-13,gc1s,0.536266
2022-06-13,hg1s,0.54118
2022-06-13,ho1s,0.536266
2022-06-13,ng1s,0.536266
2022-06-13,nq1s,0.587937
2022-06-13,pl1s,0.546227
2022-06-13,rb1s,0.529926
2022-06-13,si1s,0.542381
2022-06-14,cl1s,0.555479
2022-06-14,es1s,0.52427
2022-06-14,fesx1s,0.596805
2022-06-14,gc1s,0.548657
2022-06-14,hg1s,0.537468
2022-06-14,ho1s,0.536266
2022-06-14,ng1s,0.536266
2022-06-14,nq1s,0.574881
2022-06-14,pl1s,0.553784
2022-06-14,rb1s,0.52273
2022-06-14,si1s,0.538717
2022-06-15,cl1s,0.55147
2022-06-15,es1s,0.498498
2022-06-15,fesx1s,0.57097
2022-06-15,gc1s,0.568097
2022-06-15,hg1s,0.547677
2022-06-15,ho1s,0.536266
2022-06-15,ng1s,0.536266
2022-06-15,nq1s,0.572911
2022-06-15,pl1s,0.546315
2022-06-15,rb1s,0.504838
2022-06-15,si1s,0.520916
2022-06-16,cl1s,0.529702
2022-06-16,es1s,0.537892
2022-06-16,fesx1s,0.559313
2022-06-16,gc1s,0.536266
2022-06-16,hg1s,0.556662
2022-06-16,ho1s,0.536266
2022-06-16,ng1s,0.536266
2022-06-16,nq1s,0.592128
2022-06-16,pl1s,0.548698
2022-06-16,rb1s,0.506091
2022-06-16,si1s,0.522944
2022-06-17,cl1s,0.535465
2022-06-17,es1s,0.547798
2022-06-17,fesx1s,0.542987
2022-06-17,gc1s,0.536266
2022-06-17,hg1s,0.563292
2022-06-17,ho1s,0.536266
2022-06-17,ng1s,0.490312
2022-06-17,nq1s,0.568362
2022-06-17,pl1s,0.54248
2022-06-17,rb1s,0.504724
2022-06-17,si1s,0.54802
2022-06-20,cl1s,0.536266
2022-06-20,es1s,0.536266
2022-06-20,fesx1s,0.538845
2022-06-20,gc1s,0.536266
2022-06-20,hg1s,0.536266
2022-06-20,ho1s,0.536266
2022-06-20,ng1s,0.536266
2022-06-20,nq1s,0.536266
2022-06-20,pl1s,0.536266
2022-06-20,rb1s,0.536266
2022-06-20,si1s,0.536266
2022-06-21,cl1s,0.553039
2022-06-21,es1s,0.558193
2022-06-21,fesx1s,0.556823
2022-06-21,gc1s,0.536266
2022-06-21,hg1s,0.563669
2022-06-21,ho1s,0.536266
2022-06-21,ng1s,0.474651
2022-06-21,nq1s,0.585212
2022-06-21,pl1s,0.533474
2022-06-21,rb1s,0.526913
2022-06-21,si1s,0.520151
2022-06-22,cl1s,0.541717
2022-06-22,es1s,0.572471
2022-06-22,fesx1s,0.563833
2022-06-22,gc1s,0.536266
2022-06-22,hg1s,0.546557
2022-06-22,ho1s,0.536266
2022-06-22,ng1s,0.483241
2022-06-22,nq1s,0.564552
2022-06-22,pl1s,0.514188
2022-06-22,rb1s,0.537563
2022-06-22,si1s,0.552681
2022-06-23,cl1s,0.537758
2022-06-23,es1s,0.562282
2022-06-23,fesx1s,0.558672
2022-06-23,gc1s,0.528127
2022-06-23,hg1s,0.54814
2022-06-23,ho1s,0.536266
2022-06-23,ng1s,0.536266
2022-06-23,nq1s,0.591089
2022-06-23,pl1s,0.52307
2022-06-23,rb1s,0.530185
2022-06-23,si1s,0.52268
2022-06-24,cl1s,0.523361
2022-06-24,es1s,0.538626
2022-06-24,fesx1s,0.552796
2022-06-24,gc1s,0.529935
2022-06-24,hg1s,0.564899
2022-06-24,ho1s,0.536266
2022-06-24,ng1s,0.536266
2022-06-24,nq1s,0.600669
2022-06-24,pl1s,0.535193
2022-06-24,rb1s,0.505734
2022-06-24,si1s,0.540356
2022-06-27,cl1s,0.526311
2022-06-27,es1s,0.56512
2022-06-27,fesx1s,0.545728
2022-06-27,gc1s,0.51943
2022-06-27,hg1s,0.561226
2022-06-27,ho1s,0.536266
2022-06-27,ng1s,0.536266
2022-06-27,nq1s,0.560733
2022-06-27,pl1s,0.511611
2022-06-27,rb1s,0.529349
2022-06-27,si1s,0.546869
2022-06-28,cl1s,0.517182
2022-06-28,es1s,0.559973
2022-06-28,fesx1s,0.573688
2022-06-28,gc1s,0.514484
2022-06-28,hg1s,0.554275
2022-06-28,ho1s,0.536266
2022-06-28,ng1s,0.536266
2022-06-28,nq1s,0.601881
2022-06-28,pl1s,0.520032
2022-06-28,rb1s,0.491806
2022-06-28,si1s,0.501026
2022-06-29,cl1s,0.525078
2022-06-29,es1s,0.559126
2022-06-29,fesx1s,0.571719
2022-06-29,gc1s,0.51441
2022-06-29,hg1s,0.563602
2022-06-29,ho1s,0.536266
2022-06-29,ng1s,0.483025
2022-06-29,nq1s,0.603841
2022-06-29,pl1s,0.536266
2022-06-29,rb1s,0.508454
2022-06-29,si1s,0.505957
2022-06-30,cl1s,0.524284
2022-06-30,es1s,0.564513
2022-06-30,fesx1s,0.566235
2022-06-30,gc1s,0.522245
2022-06-30,hg1s,0.56416
2022-06-30,ho1s,0.536266
2022-06-30,ng1s,0.536266
2022-06-30,nq1s,0.571818
2022-06-30,pl1s,0.521189
2022-06-30,rb1s,0.525957
2022-06-30,si1s,0.514324
