date,instrument,weight
2022-01-03,cl1s,0.0680594524
2022-01-03,es1s,-0.0609510861
2022-01-03,fesx1s,0.066998682
2022-01-03,gc1s,0.0
2022-01-03,hg1s,-0.0598633949
2022-01-03,ho1s,0.0
2022-01-03,ng1s,0.0
2022-01-03,nq1s,-0.0663556548
2022-01-03,pl1s,0.0602640176
2022-01-03,rb1s,0.0613220723
2022-01-03,si1s,0.0643136953
2022-01-04,cl1s,0.069197957
2022-01-04,es1s,-0.0597678261
2022-01-04,fesx1s,0.0651456252
2022-01-04,gc1s,0.0
2022-01-04,hg1s,-0.058564978
2022-01-04,ho1s,0.0
2022-01-04,ng1s,0.0
2022-01-04,nq1s,-0.0641033612
2022-01-04,pl1s,0.0640899203
2022-01-04,rb1s,0.0615228147
2022-01-04,si1s,0.0612015286
2022-01-05,cl1s,0.0980273242
2022-01-05,es1s,0.0945464287
2022-01-05,fesx1s,-0.0863119557
2022-01-05,gc1s,0.0
2022-01-05,hg1s,-0.0822912858
2022-01-05,ho1s,0.0
2022-01-05,ng1s,0.0
2022-01-05,nq1s,-0.0920764864
2022-01-05,pl1s,-0.0900898769
2022-01-05,rb1s,0.0902194094
2022-01-05,si1s,0.0878363771
2022-01-06,cl1s,0.0725113842
2022-01-06,es1s,0.0690933112
2022-01-06,fesx1s,-0.0630409982
2022-01-06,gc1s,0.0
2022-01-06,hg1s,-0.0620312455
2022-01-06,ho1s,0.0
2022-01-06,ng1s,0.0
2022-01-06,nq1s,-0.0661237276
2022-01-06,pl1s,0.0667321349
2022-01-06,rb1s,0.06816482
2022-01-06,si1s,0.066403987
2022-01-07,cl1s,0.0633334223
2022-01-07,es1s,0.0583867808
2022-01-07,fesx1s,-0.0570140436
2022-01-07,gc1s,0.0
2022-01-07,hg1s,-0.0548975202
2022-01-07,ho1s,0.0
2022-01-07,ng1s,0.0
2022-01-07,nq1s,0.0631163679
2022-01-07,pl1s,0.0591657183
2022-01-07,rb1s,0.0588235853
2022-01-07,si1s,0.0597583319
2022-01-10,cl1s,0.0637769965
2022-01-10,es1s,0.0599453155
2022-01-10,fesx1s,-0.0558997683
2022-01-10,gc1s,0.0
2022-01-10,hg1s,-0.0565132498
2022-01-10,ho1s,0.0
2022-01-10,ng1s,0.0
2022-01-10,nq1s,0.0623886024
2022-01-10,pl1s,0.0584010271
2022-01-10,rb1s,0.0598116762
2022-01-10,si1s,0.0607618072
2022-01-11,cl1s,0.0706477427
2022-01-11,es1s,0.0675465597
2022-01-11,fesx1s,-0.0683782604
2022-01-11,gc1s,0.0
2022-01-11,hg1s,-0.0661743406
2022-01-11,ho1s,0.0
2022-01-11,ng1s,0.0
2022-01-11,nq1s,-0.0661914762
2022-01-11,pl1s,0.0707469557
2022-01-11,rb1s,0.0670372083
2022-01-11,si1s,0.0692868232
2022-01-12,cl1s,0.0700747824
2022-01-12,es1s,0.0664796111
2022-01-12,fesx1s,-0.0651752194
2022-01-12,gc1s,0.0
2022-01-12,hg1s,-0.0663647364
2022-01-12,ho1s,0.0
2022-01-12,ng1s,0.0
2022-01-12,nq1s,-0.06490494
2022-01-12,pl1s,0.0640704795
2022-01-12,rb1s,0.0665086296
2022-01-12,si1s,0.0660758708
2022-01-13,cl1s,0.0468913614
2022-01-13,es1s,0.0460051292
2022-01-13,fesx1s,-0.0458219701
2022-01-13,gc1s,0.0
2022-01-13,hg1s,-0.0433380096
2022-01-13,ho1s,0.0
2022-01-13,ng1s,-0.0436063896
2022-01-13,nq1s,-0.0453568882
2022-01-13,pl1s,0.0420386373
2022-01-13,rb1s,0.0455706013
2022-01-13,si1s,0.0452796773
2022-01-14,cl1s,0.0498964173
2022-01-14,es1s,0.0497534976
2022-01-14,fesx1s,0.0508803953
2022-01-14,gc1s,0.0
2022-01-14,hg1s,-0.0451664382
2022-01-14,ho1s,0.0
2022-01-14,ng1s,-0.0455309498
2022-01-14,nq1s,-0.0475848346
2022-01-14,pl1s,0.0450376777
2022-01-14,rb1s,-0.0435374188
2022-01-14,si1s,0.0493300481
2022-01-17,cl1s,0.0
2022-01-17,es1s,0.0
2022-01-17,fesx1s,-0.25
2022-01-17,gc1s,0.0
2022-01-17,hg1s,0.0
2022-01-17,ho1s,0.0
2022-01-17,ng1s,0.0
2022-01-17,nq1s,0.0
2022-01-17,pl1s,0.0
2022-01-17,rb1s,0.0
2022-01-17,si1s,0.0
2022-01-18,cl1s,0.0562917398
2022-01-18,es1s,0.0546206299
2022-01-18,fesx1s,-0.0502297073
2022-01-18,gc1s,0.0
2022-01-18,hg1s,-0.0497827938
2022-01-18,ho1s,0.0
2022-01-18,ng1s,-0.0496189159
2022-01-18,nq1s,-0.05114754
2022-01-18,pl1s,0.0500966109
2022-01-18,rb1s,-0.0477031022
2022-01-18,si1s,0.0530305394
2022-01-19,cl1s,0.0713102629
2022-01-19,es1s,0.0708937897
2022-01-19,fesx1s,-0.0676047627
2022-01-19,gc1s,0.0
2022-01-19,hg1s,-0.0668293577
2022-01-19,ho1s,0.0
2022-01-19,ng1s,0.0
2022-01-19,nq1s,-0.0673203539
2022-01-19,pl1s,0.0647875515
2022-01-19,rb1s,0.0698223698
2022-01-19,si1s,-0.0655635673
2022-01-20,cl1s,0.0553612935
2022-01-20,es1s,0.0554885965
2022-01-20,fesx1s,-0.0512658954
2022-01-20,gc1s,0.0
2022-01-20,hg1s,-0.0529866081
2022-01-20,ho1s,0.0
2022-01-20,ng1s,0.0
2022-01-20,nq1s,0.054553406
2022-01-20,pl1s,-0.0486425493
2022-01-20,rb1s,0.0525905441
2022-01-20,si1s,-0.0482435599
2022-01-21,cl1s,0.1069463038
2022-01-21,es1s,0.108152369
2022-01-21,fesx1s,-0.099566873
2022-01-21,gc1s,0.0
2022-01-21,hg1s,-0.0954654841
2022-01-21,ho1s,0.0
2022-01-21,ng1s,0.0
2022-01-21,nq1s,0.1073419926
2022-01-21,pl1s,0.0955590172
2022-01-21,rb1s,-0.0917974165
2022-01-21,si1s,-0.094734757
2022-01-24,cl1s,0.0388246575
2022-01-24,es1s,0.0388577613
2022-01-24,fesx1s,0.0378986118
2022-01-24,gc1s,0.0364843009
2022-01-24,hg1s,0.0373983389
2022-01-24,ho1s,0.0
2022-01-24,ng1s,0.0
2022-01-24,nq1s,0.0382334318
2022-01-24,pl1s,0.0349925043
2022-01-24,rb1s,0.037061396
2022-01-24,si1s,0.0367744074
2022-01-25,cl1s,0.0333433094
2022-01-25,es1s,0.033705411
2022-01-25,fesx1s,0.0320635278
2022-01-25,gc1s,0.0321146089
2022-01-25,hg1s,0.0317122738
2022-01-25,ho1s,0.0
2022-01-25,ng1s,-0.0279288312
2022-01-25,nq1s,0.0336460078
2022-01-25,pl1s,0.0308337368
2022-01-25,rb1s,0.0305040057
2022-01-25,si1s,0.0312943847
2022-01-26,cl1s,0.0447359665
2022-01-26,es1s,0.0457256304
2022-01-26,fesx1s,-0.0406147565
2022-01-26,gc1s,0.0
2022-01-26,hg1s,-0.0429260532
2022-01-26,ho1s,0.0
2022-01-26,ng1s,-0.03947857
2022-01-26,nq1s,0.0454467672
2022-01-26,pl1s,0.0418332609
2022-01-26,rb1s,0.0429195788
2022-01-26,si1s,-0.0402017029
2022-01-27,cl1s,0.0446527147
2022-01-27,es1s,0.0459785959
2022-01-27,fesx1s,-0.0408272351
2022-01-27,gc1s,0.0
2022-01-27,hg1s,-0.0409302469
2022-01-27,ho1s,0.0
2022-01-27,ng1s,-0.0399669517
2022-01-27,nq1s,0.0442082593
2022-01-27,pl1s,0.0426958766
2022-01-27,rb1s,0.0429245087
2022-01-27,si1s,-0.0400737444
2022-01-28,cl1s,0.0411462883
2022-01-28,es1s,-0.0413889539
2022-01-28,fesx1s,-0.0358251111
2022-01-28,gc1s,0.0
2022-01-28,hg1s,0.0401113239
2022-01-28,ho1s,0.0
2022-01-28,ng1s,-0.0381549573
2022-01-28,nq1s,-0.0411514211
2022-01-28,pl1s,0.0402002205
2022-01-28,rb1s,0.0397141764
2022-01-28,si1s,0.038465133
2022-01-31,cl1s,0.0337890999
2022-01-31,es1s,-0.0340290698
2022-01-31,fesx1s,0.0333728111
2022-01-31,gc1s,0.0
2022-01-31,hg1s,0.0337453728
2022-01-31,ho1s,0.0
2022-01-31,ng1s,-0.0330138846
2022-01-31,nq1s,-0.0346949086
2022-01-31,pl1s,0.0336770199
2022-01-31,rb1s,0.0333897964
2022-01-31,si1s,0.0305782747
2022-02-01,cl1s,0.035833424
2022-02-01,es1s,-0.0356371919
2022-02-01,fesx1s,0.0326285119
2022-02-01,gc1s,0.0
2022-02-01,hg1s,0.0363767428
2022-02-01,ho1s,0.0
2022-02-01,ng1s,-0.0365557035
2022-02-01,nq1s,-0.0374317693
2022-02-01,pl1s,0.0362685252
2022-02-01,rb1s,0.0361262744
2022-02-01,si1s,0.0
2022-02-02,cl1s,0.0433340299
2022-02-02,es1s,-0.0421722776
2022-02-02,fesx1s,0.0401936526
2022-02-02,gc1s,0.0
2022-02-02,hg1s,0.0440461437
2022-02-02,ho1s,0.0
2022-02-02,ng1s,-0.0423144229
2022-02-02,nq1s,-0.0441747219
2022-02-02,pl1s,-0.0431128722
2022-02-02,rb1s,0.0435467852
2022-02-02,si1s,-0.0407212243
2022-02-03,cl1s,0.0
2022-02-03,es1s,-0.0417400269
2022-02-03,fesx1s,-0.0388553112
2022-02-03,gc1s,0.0
2022-02-03,hg1s,0.0437250198
2022-02-03,ho1s,0.0
2022-02-03,ng1s,-0.0456458355
2022-02-03,nq1s,-0.045222747
2022-02-03,pl1s,0.0
2022-02-03,rb1s,0.0433355332
2022-02-03,si1s,0.0413626462
2022-02-04,cl1s,0.0
2022-02-04,es1s,0.0
2022-02-04,fesx1s,0.045097646
2022-02-04,gc1s,0.0
2022-02-04,hg1s,0.0450744186
2022-02-04,ho1s,0.0
2022-02-04,ng1s,-0.0401738453
2022-02-04,nq1s,-0.044319045
2022-02-04,pl1s,0.044087981
2022-02-04,rb1s,0.044767543
2022-02-04,si1s,-0.0419286414
2022-02-07,cl1s,0.0
2022-02-07,es1s,0.0686301738
2022-02-07,fesx1s,0.0672553707
2022-02-07,gc1s,0.0
2022-02-07,hg1s,0.0671086444
2022-02-07,ho1s,0.0
2022-02-07,ng1s,0.0
2022-02-07,nq1s,0.0
2022-02-07,pl1s,0.0650933945
2022-02-07,rb1s,0.0669377458
2022-02-07,si1s,-0.0623840352
2022-02-08,cl1s,0.0
2022-02-08,es1s,0.0581752168
2022-02-08,fesx1s,0.0534798177
2022-02-08,gc1s,0.0
2022-02-08,hg1s,0.0567197569
2022-02-08,ho1s,0.0
2022-02-08,ng1s,-0.0482426851
2022-02-08,nq1s,-0.0591131479
2022-02-08,pl1s,0.0541106776
2022-02-08,rb1s,-0.0502217249
2022-02-08,si1s,-0.0530817738
2022-02-09,cl1s,0.0
2022-02-09,es1s,-0.0420570845
2022-02-09,fesx1s,-0.040272776
2022-02-09,gc1s,0.0
2022-02-09,hg1s,-0.0421687845
2022-02-09,ho1s,0.0
2022-02-09,ng1s,-0.0406216878
2022-02-09,nq1s,-0.0477357148
2022-02-09,pl1s,0.0419522102
2022-02-09,rb1s,0.0443817447
2022-02-09,si1s,-0.0417658295
2022-02-10,cl1s,0.0478917407
2022-02-10,es1s,-0.0445127073
2022-02-10,fesx1s,-0.04540637
2022-02-10,gc1s,0.0
2022-02-10,hg1s,0.0485423075
2022-02-10,ho1s,0.0
2022-02-10,ng1s,-0.0428708883
2022-02-10,nq1s,0.0530110601
2022-02-10,pl1s,0.0
2022-02-10,rb1s,0.0494165752
2022-02-10,si1s,-0.0462823052
2022-02-11,cl1s,0.0
2022-02-11,es1s,0.0491913927
2022-02-11,fesx1s,-0.0474797963
2022-02-11,gc1s,0.0
2022-02-11,hg1s,0.0486294582
2022-02-11,ho1s,0.0
2022-02-11,ng1s,-0.04583181
2022-02-11,nq1s,0.0555504686
2022-02-11,pl1s,0.046038336
2022-02-11,rb1s,0.0516709908
2022-02-11,si1s,-0.0505171066
2022-02-14,cl1s,0.0
2022-02-14,es1s,0.0583235423
2022-02-14,fesx1s,-0.0589582058
2022-02-14,gc1s,0.0
2022-02-14,hg1s,0.0592071041
2022-02-14,ho1s,0.0
2022-02-14,ng1s,-0.0530359445
2022-02-14,nq1s,0.0654988628
2022-02-14,pl1s,0.0554920665
2022-02-14,rb1s,-0.0542159069
2022-02-14,si1s,-0.0587621238
2022-02-15,cl1s,0.041332693
2022-02-15,es1s,0.0414130172
2022-02-15,fesx1s,-0.040448669
2022-02-15,gc1s,0.0
2022-02-15,hg1s,0.042424234
2022-02-15,ho1s,0.0
2022-02-15,ng1s,-0.0400477337
2022-02-15,nq1s,0.0457480117
2022-02-15,pl1s,0.037593424
2022-02-15,rb1s,0.0416869885
2022-02-15,si1s,-0.0417332473
2022-02-16,cl1s,0.0421895217
2022-02-16,es1s,0.0429895642
2022-02-16,fesx1s,-0.0428189427
2022-02-16,gc1s,0.0448189706
2022-02-16,hg1s,0.0439904391
2022-02-16,ho1s,0.0
2022-02-16,ng1s,-0.0384873491
2022-02-16,nq1s,0.0472208199
2022-02-16,pl1s,0.0386785547
2022-02-16,rb1s,0.0405582866
2022-02-16,si1s,-0.0421224471
2022-02-17,cl1s,0.0428083895
2022-02-17,es1s,0.0439356758
2022-02-17,fesx1s,-0.0412261886
2022-02-17,gc1s,0.0
2022-02-17,hg1s,0.044225037
2022-02-17,ho1s,0.0
2022-02-17,ng1s,-0.0399809674
2022-02-17,nq1s,0.0476134039
2022-02-17,pl1s,-0.0408984947
2022-02-17,rb1s,0.0414119798
2022-02-17,si1s,-0.0428903725
2022-02-18,cl1s,0.0458810099
2022-02-18,es1s,0.046827252
2022-02-18,fesx1s,-0.0450619068
2022-02-18,gc1s,0.0
2022-02-18,hg1s,0.0448217372
2022-02-18,ho1s,0.0
2022-02-18,ng1s,-0.039963306
2022-02-18,nq1s,0.0494588646
2022-02-18,pl1s,0.0
2022-02-18,rb1s,0.0401485187
2022-02-18,si1s,-0.0453478465
2022-02-21,cl1s,0.0
2022-02-21,es1s,0.0
2022-02-21,fesx1s,-0.2228539101
2022-02-21,gc1s,0.0
2022-02-21,hg1s,0.0
2022-02-21,ho1s,0.0
2022-02-21,ng1s,0.0
2022-02-21,nq1s,0.0
2022-02-21,pl1s,0.0
2022-02-21,rb1s,0.0
2022-02-21,si1s,0.0
2022-02-22,cl1s,0.0477284574
2022-02-22,es1s,0.0464160299
2022-02-22,fesx1s,-0.0425819035
2022-02-22,gc1s,0.0465663638
2022-02-22,hg1s,0.0439738572
2022-02-22,ho1s,0.0
2022-02-22,ng1s,-0.040568651
2022-02-22,nq1s,0.0483311783
2022-02-22,pl1s,-0.0434346106
2022-02-22,rb1s,0.0419733158
2022-02-22,si1s,-0.0447855789
2022-02-23,cl1s,0.0465666362
2022-02-23,es1s,0.0455435212
2022-02-23,fesx1s,-0.045481551
2022-02-23,gc1s,0.0
2022-02-23,hg1s,0.0434245753
2022-02-23,ho1s,0.0
2022-02-23,ng1s,-0.0428909202
2022-02-23,nq1s,0.0482402366
2022-02-23,pl1s,-0.0430189005
2022-02-23,rb1s,0.0435317103
2022-02-23,si1s,-0.0459108181
2022-02-24,cl1s,0.0396171806
2022-02-24,es1s,0.0407581852
2022-02-24,fesx1s,0.0393783965
2022-02-24,gc1s,0.0395118388
2022-02-24,hg1s,0.0378206382
2022-02-24,ho1s,0.0
2022-02-24,ng1s,-0.0365731034
2022-02-24,nq1s,0.0418655672
2022-02-24,pl1s,0.0361437675
2022-02-24,rb1s,0.0376523849
2022-02-24,si1s,-0.0367398888
2022-02-25,cl1s,0.0337728768
2022-02-25,es1s,0.0336214411
2022-02-25,fesx1s,0.0309946297
2022-02-25,gc1s,0.034615529
2022-02-25,hg1s,0.031614402
2022-02-25,ho1s,0.0
2022-02-25,ng1s,-0.0316687515
2022-02-25,nq1s,0.034967091
2022-02-25,pl1s,0.0328072604
2022-02-25,rb1s,0.0306026298
2022-02-25,si1s,0.0344907375
2022-02-28,cl1s,0.0475179575
2022-02-28,es1s,0.0486115419
2022-02-28,fesx1s,-0.041947812
2022-02-28,gc1s,0.0
2022-02-28,hg1s,0.0459375482
2022-02-28,ho1s,0.0
2022-02-28,ng1s,-0.0433156782
2022-02-28,nq1s,0.0502858243
2022-02-28,pl1s,0.0451416083
2022-02-28,rb1s,0.0449159079
2022-02-28,si1s,-0.0416365883
2022-03-01,cl1s,0.0
2022-03-01,es1s,0.053985755
2022-03-01,fesx1s,-0.0482316355
2022-03-01,gc1s,0.0
2022-03-01,hg1s,0.0518461062
2022-03-01,ho1s,0.0
2022-03-01,ng1s,-0.0520813788
2022-03-01,nq1s,0.0556224626
2022-03-01,pl1s,0.0518966364
2022-03-01,rb1s,0.0517349397
2022-03-01,si1s,-0.0485599404
2022-03-02,cl1s,0.0
2022-03-02,es1s,0.051335684
2022-03-02,fesx1s,0.0471873388
2022-03-02,gc1s,0.0
2022-03-02,hg1s,0.0490399832
2022-03-02,ho1s,0.0
2022-03-02,ng1s,-0.0494807493
2022-03-02,nq1s,-0.0475512967
2022-03-02,pl1s,0.044549877
2022-03-02,rb1s,-0.042513668
2022-03-02,si1s,-0.0460049159
2022-03-03,cl1s,0.0546186958
2022-03-03,es1s,0.0534845926
2022-03-03,fesx1s,0.0484278712
2022-03-03,gc1s,0.052758433
2022-03-03,hg1s,0.0472653559
2022-03-03,ho1s,0.0
2022-03-03,ng1s,-0.0530836147
2022-03-03,nq1s,-0.0500127194
2022-03-03,pl1s,-0.0473775381
2022-03-03,rb1s,-0.0439752287
2022-03-03,si1s,-0.0478687934
2022-03-04,cl1s,0.0
2022-03-04,es1s,0.0470058229
2022-03-04,fesx1s,0.0419652375
2022-03-04,gc1s,0.0
2022-03-04,hg1s,0.0418459948
2022-03-04,ho1s,0.0
2022-03-04,ng1s,-0.0461393791
2022-03-04,nq1s,0.0472436639
2022-03-04,pl1s,-0.039596496
2022-03-04,rb1s,-0.0393982146
2022-03-04,si1s,-0.0419225357
2022-03-07,cl1s,0.0
2022-03-07,es1s,0.0390120663
2022-03-07,fesx1s,0.0351982061
2022-03-07,gc1s,0.0
2022-03-07,hg1s,-0.0328437343
2022-03-07,ho1s,0.0
2022-03-07,ng1s,-0.0377576242
2022-03-07,nq1s,0.0396099042
2022-03-07,pl1s,-0.0336663303
2022-03-07,rb1s,-0.0321912129
2022-03-07,si1s,-0.0347614739
2022-03-08,cl1s,0.0
2022-03-08,es1s,0.0439751081
2022-03-08,fesx1s,0.039403003
2022-03-08,gc1s,0.0
2022-03-08,hg1s,-0.0374502239
2022-03-08,ho1s,0.0
2022-03-08,ng1s,-0.0410549975
2022-03-08,nq1s,0.0438376665
2022-03-08,pl1s,-0.0382232957
2022-03-08,rb1s,-0.0365830541
2022-03-08,si1s,0.0
2022-03-09,cl1s,0.0
2022-03-09,es1s,0.0595756665
2022-03-09,fesx1s,-0.0489505873
2022-03-09,gc1s,0.0
2022-03-09,hg1s,0.0573506259
2022-03-09,ho1s,0.0
2022-03-09,ng1s,-0.0566951575
2022-03-09,nq1s,0.0609554979
2022-03-09,pl1s,0.0511207163
2022-03-09,rb1s,-0.0490729645
2022-03-09,si1s,-0.0529947517
2022-03-10,cl1s,0.0
2022-03-10,es1s,0.0582600217
2022-03-10,fesx1s,-0.0491573365
2022-03-10,gc1s,0.0
2022-03-10,hg1s,0.0547198297
2022-03-10,ho1s,0.0
2022-03-10,ng1s,-0.0548187881
2022-03-10,nq1s,0.0587405352
2022-03-10,pl1s,0.0489437529
2022-03-10,rb1s,-0.0496000712
2022-03-10,si1s,0.0
2022-03-11,cl1s,0.0
2022-03-11,es1s,0.0570887278
2022-03-11,fesx1s,-0.0487386029
2022-03-11,gc1s,0.0
2022-03-11,hg1s,0.0548855025
2022-03-11,ho1s,0.0
2022-03-11,ng1s,-0.0557295453
2022-03-11,nq1s,0.0579688323
2022-03-11,pl1s,0.0496797654
2022-03-11,rb1s,-0.0496810498
2022-03-11,si1s,-0.0504367659
2022-03-14,cl1s,-0.0423580223
2022-03-14,es1s,0.0442619102
2022-03-14,fesx1s,-0.037330151
2022-03-14,gc1s,0.0
2022-03-14,hg1s,0.0404289627
2022-03-14,ho1s,0.0
2022-03-14,ng1s,-0.0432097798
2022-03-14,nq1s,0.0452923328
2022-03-14,pl1s,0.0393658246
2022-03-14,rb1s,-0.0371246977
2022-03-14,si1s,0.0
2022-03-15,cl1s,0.0
2022-03-15,es1s,0.054299522
2022-03-15,fesx1s,-0.0461606878
2022-03-15,gc1s,0.0
2022-03-15,hg1s,0.0485199333
2022-03-15,ho1s,0.0
2022-03-15,ng1s,-0.051900658
2022-03-15,nq1s,0.0545423397
2022-03-15,pl1s,0.0501247232
2022-03-15,rb1s,0.0492051744
2022-03-15,si1s,-0.0489933709
2022-03-16,cl1s,0.0
2022-03-16,es1s,0.047001252
2022-03-16,fesx1s,-0.0438786019
2022-03-16,gc1s,0.0
2022-03-16,hg1s,0.0443161954
2022-03-16,ho1s,0.0
2022-03-16,ng1s,-0.0469052833
2022-03-16,nq1s,0.05033662
2022-03-16,pl1s,0.0457650396
2022-03-16,rb1s,0.0434284195
2022-03-16,si1s,0.0
2022-03-17,cl1s,0.0
2022-03-17,es1s,-0.0529499013
2022-03-17,fesx1s,-0.0518776846
2022-03-17,gc1s,0.0
2022-03-17,hg1s,0.0520758226
2022-03-17,ho1s,0.0
2022-03-17,ng1s,-0.0577412112
2022-03-17,nq1s,0.0598007717
2022-03-17,pl1s,0.0527338152
2022-03-17,rb1s,-0.0478623984
2022-03-17,si1s,-0.0514120501
2022-03-18,cl1s,-0.0495478582
2022-03-18,es1s,-0.0504767372
2022-03-18,fesx1s,-0.0454041592
2022-03-18,gc1s,0.0
2022-03-18,hg1s,-0.0471053332
2022-03-18,ho1s,0.0
2022-03-18,ng1s,0.0
2022-03-18,nq1s,0.0547889505
2022-03-18,pl1s,0.0481316113
2022-03-18,rb1s,-0.0439009522
2022-03-18,si1s,-0.0480988964
2022-03-21,cl1s,-0.0492669332
2022-03-21,es1s,-0.0491070971
2022-03-21,fesx1s,-0.0451314283
2022-03-21,gc1s,0.0
2022-03-21,hg1s,-0.0458261358
2022-03-21,ho1s,0.0
2022-03-21,ng1s,0.0
2022-03-21,nq1s,0.0531188164
2022-03-21,pl1s,0.0
2022-03-21,rb1s,-0.0438042741
2022-03-21,si1s,0.0
2022-03-22,cl1s,-0.044750969
2022-03-22,es1s,-0.0427850561
2022-03-22,fesx1s,-0.0416905293
2022-03-22,gc1s,0.0449624754
2022-03-22,hg1s,-0.0412395612
2022-03-22,ho1s,0.0
2022-03-22,ng1s,0.0
2022-03-22,nq1s,0.0480661036
2022-03-22,pl1s,0.0
2022-03-22,rb1s,-0.0395440784
2022-03-22,si1s,-0.0429917916
2022-03-23,cl1s,-0.0366536012
2022-03-23,es1s,0.0382547353
2022-03-23,fesx1s,-0.0338164875
2022-03-23,gc1s,0.0
2022-03-23,hg1s,-0.0330803238
2022-03-23,ho1s,0.0
2022-03-23,ng1s,0.0
2022-03-23,nq1s,0.0394390308
2022-03-23,pl1s,0.0
2022-03-23,rb1s,-0.0321778016
2022-03-23,si1s,-0.0343856196
2022-03-24,cl1s,-0.0495930305
2022-03-24,es1s,0.0503610143
2022-03-24,fesx1s,-0.0455634739
2022-03-24,gc1s,0.0
2022-03-24,hg1s,-0.0451774607
2022-03-24,ho1s,0.0
2022-03-24,ng1s,0.0
2022-03-24,nq1s,-0.0466368904
2022-03-24,pl1s,0.0447765353
2022-03-24,rb1s,-0.0428302098
2022-03-24,si1s,-0.0459660163
2022-03-25,cl1s,-0.0593797697
2022-03-25,es1s,0.0598608674
2022-03-25,fesx1s,-0.0559955218
2022-03-25,gc1s,0.0
2022-03-25,hg1s,0.0576365117
2022-03-25,ho1s,0.0
2022-03-25,ng1s,0.0
2022-03-25,nq1s,-0.0541801313
2022-03-25,pl1s,0.0531306287
2022-03-25,rb1s,-0.0508280493
2022-03-25,si1s,-0.0555999146
2022-03-28,cl1s,-0.0452979575
2022-03-28,es1s,0.0454715679
2022-03-28,fesx1s,0.0422936018
2022-03-28,gc1s,0.0
2022-03-28,hg1s,0.0427003228
2022-03-28,ho1s,0.0
2022-03-28,ng1s,0.0
2022-03-28,nq1s,-0.042860729
2022-03-28,pl1s,0.0418937274
2022-03-28,rb1s,-0.038852938
2022-03-28,si1s,-0.0420816831
2022-03-29,cl1s,0.0
2022-03-29,es1s,0.06736877
2022-03-29,fesx1s,-0.0602325196
2022-03-29,gc1s,0.0
2022-03-29,hg1s,0.0627119409
2022-03-29,ho1s,0.0
2022-03-29,ng1s,0.0
2022-03-29,nq1s,0.0707941362
2022-03-29,pl1s,0.0644747776
2022-03-29,rb1s,-0.059393189
2022-03-29,si1s,-0.0623620176
2022-03-30,cl1s,0.0
2022-03-30,es1s,0.0604844018
2022-03-30,fesx1s,-0.0545321827
2022-03-30,gc1s,0.0
2022-03-30,hg1s,0.0557849609
2022-03-30,ho1s,0.0
2022-03-30,ng1s,0.0
2022-03-30,nq1s,0.064572031
2022-03-30,pl1s,0.0
2022-03-30,rb1s,-0.0521181154
2022-03-30,si1s,-0.0564934832
2022-03-31,cl1s,0.0
2022-03-31,es1s,0.0600654981
2022-03-31,fesx1s,0.0561938293
2022-03-31,gc1s,0.0
2022-03-31,hg1s,0.0564768237
2022-03-31,ho1s,0.0
2022-03-31,ng1s,0.0
2022-03-31,nq1s,0.0625307177
2022-03-31,pl1s,0.0
2022-03-31,rb1s,0.0574728764
2022-03-31,si1s,-0.0571756777
2022-04-01,cl1s,0.0
2022-04-01,es1s,0.0530427112
2022-04-01,fesx1s,0.0500083272
2022-04-01,gc1s,0.0
2022-04-01,hg1s,0.0500683609
2022-04-01,ho1s,0.0
2022-04-01,ng1s,0.0
2022-04-01,nq1s,0.0566081246
2022-04-01,pl1s,0.0
2022-04-01,rb1s,0.049548362
2022-04-01,si1s,0.0535339134
2022-04-04,cl1s,0.0
2022-04-04,es1s,0.0423402457
2022-04-04,fesx1s,-0.0401189327
2022-04-04,gc1s,0.0
2022-04-04,hg1s,0.0400231405
2022-04-04,ho1s,0.0
2022-04-04,ng1s,0.0
2022-04-04,nq1s,0.0453519412
2022-04-04,pl1s,0.0410632478
2022-04-04,rb1s,0.0395854651
2022-04-04,si1s,0.0406731206
2022-04-05,cl1s,0.0
2022-04-05,es1s,0.044551843
2022-04-05,fesx1s,0.043510935
2022-04-05,gc1s,0.0
2022-04-05,hg1s,0.0419957918
2022-04-05,ho1s,0.0
2022-04-05,ng1s,0.0
2022-04-05,nq1s,0.0465422654
2022-04-05,pl1s,0.0426200475
2022-04-05,rb1s,0.0406630344
2022-04-05,si1s,0.0427033298
2022-04-06,cl1s,0.0
2022-04-06,es1s,-0.0474739447
2022-04-06,fesx1s,0.0461535219
2022-04-06,gc1s,0.0
2022-04-06,hg1s,0.0455998689
2022-04-06,ho1s,0.0
2022-04-06,ng1s,0.0
2022-04-06,nq1s,0.0507605386
2022-04-06,pl1s,0.0488537519
2022-04-06,rb1s,0.04603214
2022-04-06,si1s,0.047617945
2022-04-07,cl1s,0.0
2022-04-07,es1s,0.0449270892
2022-04-07,fesx1s,0.041872129
2022-04-07,gc1s,0.0
2022-04-07,hg1s,0.04005515
2022-04-07,ho1s,0.0
2022-04-07,ng1s,0.0
2022-04-07,nq1s,0.0467774766
2022-04-07,pl1s,0.0446195041
2022-04-07,rb1s,0.0403023398
2022-04-07,si1s,0.043399162
2022-04-08,cl1s,0.0
2022-04-08,es1s,0.0495435191
2022-04-08,fesx1s,0.0508650806
2022-04-08,gc1s,0.0
2022-04-08,hg1s,0.0475450402
2022-04-08,ho1s,0.0
2022-04-08,ng1s,0.0
2022-04-08,nq1s,0.0508805755
2022-04-08,pl1s,0.0498778978
2022-04-08,rb1s,0.0459452118
2022-04-08,si1s,0.0
2022-04-11,cl1s,0.0
2022-04-11,es1s,0.0552179786
2022-04-11,fesx1s,0.0568095361
2022-04-11,gc1s,0.0
2022-04-11,hg1s,0.0530364878
2022-04-11,ho1s,0.0
2022-04-11,ng1s,0.0
2022-04-11,nq1s,0.0557645286
2022-04-11,pl1s,-0.052247973
2022-04-11,rb1s,0.0508807464
2022-04-11,si1s,-0.0538810102
2022-04-12,cl1s,0.0
2022-04-12,es1s,0.0729439859
2022-04-12,fesx1s,0.0735101419
2022-04-12,gc1s,0.0
2022-04-12,hg1s,-0.0635966002
2022-04-12,ho1s,0.0
2022-04-12,ng1s,0.0
2022-04-12,nq1s,0.0726560005
2022-04-12,pl1s,-0.0655227446
2022-04-12,rb1s,0.0646560764
2022-04-12,si1s,0.071952438
2022-04-13,cl1s,-0.0532919228
2022-04-13,es1s,-0.0529027351
2022-04-13,fesx1s,0.0545118911
2022-04-13,gc1s,0.0
2022-04-13,hg1s,-0.0501770732
2022-04-13,ho1s,0.0
2022-04-13,ng1s,0.0
2022-04-13,nq1s,-0.0532084016
2022-04-13,pl1s,-0.0494688288
2022-04-13,rb1s,0.0481836426
2022-04-13,si1s,-0.0503402622
2022-04-14,cl1s,-0.0465724948
2022-04-14,es1s,0.0493911799
2022-04-14,fesx1s,0.0474111822
2022-04-14,gc1s,0.0
2022-04-14,hg1s,-0.0446382734
2022-04-14,ho1s,0.0
2022-04-14,ng1s,0.0
2022-04-14,nq1s,-0.0461894193
2022-04-14,pl1s,0.042453573
2022-04-14,rb1s,-0.0414580242
2022-04-14,si1s,0.0488740452
2022-04-18,cl1s,0.0
2022-04-18,es1s,0.1048044621
2022-04-18,fesx1s,0.0
2022-04-18,gc1s,0.0
2022-04-18,hg1s,-0.0964803956
2022-04-18,ho1s,0.0
2022-04-18,ng1s,0.0
2022-04-18,nq1s,-0.1018854186
2022-04-18,pl1s,0.0917341673
2022-04-18,rb1s,-0.0912457284
2022-04-18,si1s,0.0980097338
2022-04-19,cl1s,0.0
2022-04-19,es1s,-0.0603822059
2022-04-19,fesx1s,-0.0545368656
2022-04-19,gc1s,0.0
2022-04-19,hg1s,-0.0559153147
2022-04-19,ho1s,0.0
2022-04-19,ng1s,0.0
2022-04-19,nq1s,-0.0605384832
2022-04-19,pl1s,0.0565177246
2022-04-19,rb1s,-0.0541241275
2022-04-19,si1s,-0.0579066505
2022-04-20,cl1s,0.0
2022-04-20,es1s,-0.0627005038
2022-04-20,fesx1s,-0.0576384988
2022-04-20,gc1s,0.0
2022-04-20,hg1s,-0.0587327658
2022-04-20,ho1s,0.0
2022-04-20,ng1s,0.0
2022-04-20,nq1s,-0.0606715314
2022-04-20,pl1s,0.0613369763
2022-04-20,rb1s,-0.0594937438
2022-04-20,si1s,0.0
2022-04-21,cl1s,0.0
2022-04-21,es1s,-0.0610471222
2022-04-21,fesx1s,-0.0570028138
2022-04-21,gc1s,0.0
2022-04-21,hg1s,-0.0581030337
2022-04-21,ho1s,0.0
2022-04-21,ng1s,0.0
2022-04-21,nq1s,-0.0595623951
2022-04-21,pl1s,0.058898084
2022-04-21,rb1s,-0.0563929214
2022-04-21,si1s,-0.0589851317
2022-04-22,cl1s,0.0
2022-04-22,es1s,0.0616667977
2022-04-22,fesx1s,-0.055227187
2022-04-22,gc1s,0.0
2022-04-22,hg1s,0.0614360213
2022-04-22,ho1s,0.0
2022-04-22,ng1s,0.0
2022-04-22,nq1s,0.0629387389
2022-04-22,pl1s,0.0573834259
2022-04-22,rb1s,-0.0571444736
2022-04-22,si1s,0.0614659994
2022-04-25,cl1s,0.0
2022-04-25,es1s,0.0565586795
2022-04-25,fesx1s,0.052317677
2022-04-25,gc1s,0.0554064932
2022-04-25,hg1s,0.0557279021
2022-04-25,ho1s,0.0
2022-04-25,ng1s,0.0
2022-04-25,nq1s,-0.0516430615
2022-04-25,pl1s,0.0
2022-04-25,rb1s,0.0527346808
2022-04-25,si1s,0.0549528464
2022-04-26,cl1s,0.0
2022-04-26,es1s,0.0550807603
2022-04-26,fesx1s,0.0513672212
2022-04-26,gc1s,0.0
2022-04-26,hg1s,0.0548074202
2022-04-26,ho1s,0.0
2022-04-26,ng1s,0.0
2022-04-26,nq1s,0.0564498404
2022-04-26,pl1s,0.0
2022-04-26,rb1s,-0.0492855929
2022-04-26,si1s,0.0534015577
2022-04-27,cl1s,0.0491059459
2022-04-27,es1s,0.0493304416
2022-04-27,fesx1s,0.0435113764
2022-04-27,gc1s,0.04455511
2022-04-27,hg1s,0.0456767315
2022-04-27,ho1s,0.0
2022-04-27,ng1s,0.0
2022-04-27,nq1s,0.0488046762
2022-04-27,pl1s,0.0475075709
2022-04-27,rb1s,-0.0416931327
2022-04-27,si1s,0.0424869221
2022-04-28,cl1s,0.0461649158
2022-04-28,es1s,0.0479010864
2022-04-28,fesx1s,-0.0414032179
2022-04-28,gc1s,0.0438571006
2022-04-28,hg1s,0.043828255
2022-04-28,ho1s,0.0
2022-04-28,ng1s,0.0
2022-04-28,nq1s,-0.0448019821
2022-04-28,pl1s,0.0452079943
2022-04-28,rb1s,-0.041435408
2022-04-28,si1s,0.0429266
2022-04-29,cl1s,0.061939742
2022-04-29,es1s,0.063783427
2022-04-29,fesx1s,0.0580704059
2022-04-29,gc1s,0.0
2022-04-29,hg1s,0.0610212363
2022-04-29,ho1s,0.0
2022-04-29,ng1s,0.0
2022-04-29,nq1s,0.0655254513
2022-04-29,pl1s,-0.0565146854
2022-04-29,rb1s,-0.0548363937
2022-04-29,si1s,0.0572245309
2022-05-02,cl1s,0.1020232456
2022-05-02,es1s,0.1058050462
2022-05-02,fesx1s,0.0965950616
2022-05-02,gc1s,0.097045678
2022-05-02,hg1s,0.1018203939
2022-05-02,ho1s,0.0
2022-05-02,ng1s,0.0
2022-05-02,nq1s,-0.0961546526
2022-05-02,pl1s,-0.0957010667
2022-05-02,rb1s,-0.0912867697
2022-05-02,si1s,0.0968057081
2022-05-03,cl1s,0.0844738113
2022-05-03,es1s,0.0866449361
2022-05-03,fesx1s,0.0809066103
2022-05-03,gc1s,0.0
2022-05-03,hg1s,0.0872347579
2022-05-03,ho1s,0.0
2022-05-03,ng1s,0.0
2022-05-03,nq1s,-0.0907338313
2022-05-03,pl1s,0.0
2022-05-03,rb1s,-0.0758274696
2022-05-03,si1s,0.0812574445
2022-05-04,cl1s,0.0455076977
2022-05-04,es1s,-0.0438657902
2022-05-04,fesx1s,-0.0420297663
2022-05-04,gc1s,0.0
2022-05-04,hg1s,0.0462302603
2022-05-04,ho1s,0.0
2022-05-04,ng1s,-0.0462795808
2022-05-04,nq1s,-0.0480713661
2022-05-04,pl1s,0.0
2022-05-04,rb1s,-0.0410403563
2022-05-04,si1s,0.0441956213
2022-05-05,cl1s,0.0521771127
2022-05-05,es1s,0.0529033097
2022-05-05,fesx1s,-0.0475803408
2022-05-05,gc1s,0.0
2022-05-05,hg1s,0.0519932832
2022-05-05,ho1s,0.0
2022-05-05,ng1s,-0.0522024068
2022-05-05,nq1s,-0.0534144592
2022-05-05,pl1s,0.048044475
2022-05-05,rb1s,-0.0469788281
2022-05-05,si1s,0.0519652621
2022-05-06,cl1s,0.0526639059
2022-05-06,es1s,0.053803087
2022-05-06,fesx1s,-0.0471011942
2022-05-06,gc1s,0.0
2022-05-06,hg1s,0.0526421946
2022-05-06,ho1s,0.0
2022-05-06,ng1s,-0.0527093108
2022-05-06,nq1s,-0.0535832368
2022-05-06,pl1s,0.0488214823
2022-05-06,rb1s,-0.0466484669
2022-05-06,si1s,0.0532663466
2022-05-09,cl1s,0.0533801133
2022-05-09,es1s,0.0522250905
2022-05-09,fesx1s,0.0501896095
2022-05-09,gc1s,0.0512454604
2022-05-09,hg1s,0.0534972307
2022-05-09,ho1s,0.0
2022-05-09,ng1s,0.0
2022-05-09,nq1s,-0.0552093166
2022-05-09,pl1s,0.0498149284
2022-05-09,rb1s,-0.0458183926
2022-05-09,si1s,0.0511210704
2022-05-10,cl1s,0.0271396897
2022-05-10,es1s,0.0270777079
2022-05-10,fesx1s,0.0249534482
2022-05-10,gc1s,0.0271297249
2022-05-10,hg1s,0.0259674229
2022-05-10,ho1s,0.0
2022-05-10,ng1s,0.0
2022-05-10,nq1s,0.0278636372
2022-05-10,pl1s,0.0258280115
2022-05-10,rb1s,0.0258628644
2022-05-10,si1s,0.0273612031
2022-05-11,cl1s,0.0288137686
2022-05-11,es1s,0.028673788
2022-05-11,fesx1s,0.0265709057
2022-05-11,gc1s,0.0
2022-05-11,hg1s,0.0282330081
2022-05-11,ho1s,0.0
2022-05-11,ng1s,0.0
2022-05-11,nq1s,0.0307326897
2022-05-11,pl1s,0.0276090349
2022-05-11,rb1s,0.0258054671
2022-05-11,si1s,0.0296325574
2022-05-12,cl1s,0.0426880894
2022-05-12,es1s,0.0432770089
2022-05-12,fesx1s,-0.0375158068
2022-05-12,gc1s,0.0438222648
2022-05-12,hg1s,0.042504595
2022-05-12,ho1s,0.0
2022-05-12,ng1s,0.0
2022-05-12,nq1s,0.0457923507
2022-05-12,pl1s,0.041039407
2022-05-12,rb1s,-0.0368298744
2022-05-12,si1s,0.0441308306
2022-05-13,cl1s,0.0410114438
2022-05-13,es1s,0.0418591294
2022-05-13,fesx1s,0.0402658872
2022-05-13,gc1s,0.0443381873
2022-05-13,hg1s,0.0409535009
2022-05-13,ho1s,0.0
2022-05-13,ng1s,0.0
2022-05-13,nq1s,0.0447827399
2022-05-13,pl1s,0.0431036676
2022-05-13,rb1s,-0.036530553
2022-05-13,si1s,0.0433358129
2022-05-16,cl1s,0.0452086898
2022-05-16,es1s,0.0472777116
2022-05-16,fesx1s,-0.0419782208
2022-05-16,gc1s,0.0
2022-05-16,hg1s,0.0443456042
2022-05-16,ho1s,0.0
2022-05-16,ng1s,0.0
2022-05-16,nq1s,0.0487220923
2022-05-16,pl1s,0.046843026
2022-05-16,rb1s,-0.0400304211
2022-05-16,si1s,0.0469315958
2022-05-17,cl1s,0.0494328764
2022-05-17,es1s,0.0501096401
2022-05-17,fesx1s,0.0464738118
2022-05-17,gc1s,0.0504799809
2022-05-17,hg1s,-0.0470292795
2022-05-17,ho1s,0.0
2022-05-17,ng1s,-0.0489591156
2022-05-17,nq1s,0.0525706149
2022-05-17,pl1s,0.0498766401
2022-05-17,rb1s,-0.0428998959
2022-05-17,si1s,0.0502380865
2022-05-18,cl1s,0.0424233592
2022-05-18,es1s,0.0444218994
2022-05-18,fesx1s,-0.0396881474
2022-05-18,gc1s,0.0428918714
2022-05-18,hg1s,0.0430755023
2022-05-18,ho1s,0.0
2022-05-18,ng1s,-0.0447055533
2022-05-18,nq1s,0.0463329963
2022-05-18,pl1s,0.0434117756
2022-05-18,rb1s,-0.0383551736
2022-05-18,si1s,0.042714837
2022-05-19,cl1s,0.0504581125
2022-05-19,es1s,0.051637888
2022-05-19,fesx1s,-0.04567361
2022-05-19,gc1s,0.0
2022-05-19,hg1s,0.048602002
2022-05-19,ho1s,0.0
2022-05-19,ng1s,-0.0514200642
2022-05-19,nq1s,0.0532386005
2022-05-19,pl1s,0.0
2022-05-19,rb1s,-0.0439950907
2022-05-19,si1s,0.048988112
2022-05-20,cl1s,0.0465848639
2022-05-20,es1s,0.046748401
2022-05-20,fesx1s,-0.042579017
2022-05-20,gc1s,0.0
2022-05-20,hg1s,0.0425438922
2022-05-20,ho1s,0.0
2022-05-20,ng1s,0.0
2022-05-20,nq1s,0.048874464
2022-05-20,pl1s,0.0416595266
2022-05-20,rb1s,-0.0397963721
2022-05-20,si1s,0.0455692468
2022-05-23,cl1s,0.0748704038
2022-05-23,es1s,0.0770726944
2022-05-23,fesx1s,-0.0716421932
2022-05-23,gc1s,0.0
2022-05-23,hg1s,-0.0681735555
2022-05-23,ho1s,0.0
2022-05-23,ng1s,0.0
2022-05-23,nq1s,0.0805064895
2022-05-23,pl1s,0.0
2022-05-23,rb1s,-0.064324453
2022-05-23,si1s,0.0736359624
2022-05-24,cl1s,0.0627680475
2022-05-24,es1s,0.0654130771
2022-05-24,fesx1s,-0.0601526797
2022-05-24,gc1s,0.0
2022-05-24,hg1s,-0.0595827494
2022-05-24,ho1s,0.0
2022-05-24,ng1s,0.0
2022-05-24,nq1s,0.0675845216
2022-05-24,pl1s,0.0582949143
2022-05-24,rb1s,-0.0538099611
2022-05-24,si1s,0.0621374555
2022-05-25,cl1s,0.028495887
2022-05-25,es1s,0.0297599467
2022-05-25,fesx1s,-0.0280896367
2022-05-25,gc1s,0.0
2022-05-25,hg1s,0.0285053774
2022-05-25,ho1s,0.0
2022-05-25,ng1s,-0.028834888
2022-05-25,nq1s,0.0308534853
2022-05-25,pl1s,0.0261731378
2022-05-25,rb1s,0.0249396413
2022-05-25,si1s,0.0283343972
2022-05-26,cl1s,0.0286332767
2022-05-26,es1s,0.0
2022-05-26,fesx1s,-0.028439793
2022-05-26,gc1s,0.0
2022-05-26,hg1s,0.0283886675
2022-05-26,ho1s,0.0
2022-05-26,ng1s,0.0
2022-05-26,nq1s,0.0311645774
2022-05-26,pl1s,0.0269052579
2022-05-26,rb1s,0.0257416267
2022-05-26,si1s,0.0290470683
2022-05-27,cl1s,0.0831343332
2022-05-27,es1s,0.0846907752
2022-05-27,fesx1s,-0.0824539389
2022-05-27,gc1s,0.0
2022-05-27,hg1s,-0.0781624468
2022-05-27,ho1s,0.0
2022-05-27,ng1s,0.0
2022-05-27,nq1s,0.088170217
2022-05-27,pl1s,0.0764288035
2022-05-27,rb1s,-0.0703749644
2022-05-27,si1s,-0.0759430378
2022-05-30,cl1s,0.0
2022-05-30,es1s,0.0
2022-05-30,fesx1s,-0.1777042986
2022-05-30,gc1s,0.0
2022-05-30,hg1s,0.0
2022-05-30,ho1s,0.0
2022-05-30,ng1s,0.0
2022-05-30,nq1s,0.0
2022-05-30,pl1s,0.0
2022-05-30,rb1s,0.0
2022-05-30,si1s,0.0
2022-05-31,cl1s,0.0787327694
2022-05-31,es1s,-0.0746299795
2022-05-31,fesx1s,-0.0782968789
2022-05-31,gc1s,0.075745496
2022-05-31,hg1s,-0.0740562656
2022-05-31,ho1s,-0.0739631455
2022-05-31,ng1s,0.0
2022-05-31,nq1s,0.0823469878
2022-05-31,pl1s,0.0694323053
2022-05-31,rb1s,-0.067124933
2022-05-31,si1s,0.0750552787
2022-06-01,cl1s,0.0742550475
2022-06-01,es1s,0.0
2022-06-01,fesx1s,0.0739901675
2022-06-01,gc1s,0.0722063259
2022-06-01,hg1s,-0.0655701073
2022-06-01,ho1s,0.0
2022-06-01,ng1s,-0.0662634321
2022-06-01,nq1s,0.0
2022-06-01,pl1s,0.0663660283
2022-06-01,rb1s,-0.0625433277
2022-06-01,si1s,-0.0675455643
2022-06-02,cl1s,0.0417173344
2022-06-02,es1s,-0.036802754
2022-06-02,fesx1s,-0.0404446236
2022-06-02,gc1s,0.0
2022-06-02,hg1s,-0.0376913339
2022-06-02,ho1s,-0.0383190796
2022-06-02,ng1s,-0.0423188514
2022-06-02,nq1s,0.0436938615
2022-06-02,pl1s,0.0
2022-06-02,rb1s,-0.0357920399
2022-06-02,si1s,-0.0376161352
2022-06-03,cl1s,0.0510433336
2022-06-03,es1s,0.0496225292
2022-06-03,fesx1s,0.0524744585
2022-06-03,gc1s,0.0490056387
2022-06-03,hg1s,-0.0472474022
2022-06-03,ho1s,0.0
2022-06-03,ng1s,-0.0514415214
2022-06-03,nq1s,0.0531134256
2022-06-03,pl1s,0.0453094112
2022-06-03,rb1s,-0.0437073268
2022-06-03,si1s,-0.0450029403
2022-06-06,cl1s,0.0555526206
2022-06-06,es1s,0.0
2022-06-06,fesx1s,-0.0539439021
2022-06-06,gc1s,0.0
2022-06-06,hg1s,-0.0530627912
2022-06-06,ho1s,0.0
2022-06-06,ng1s,-0.0549697558
2022-06-06,nq1s,0.0582097754
2022-06-06,pl1s,0.0
2022-06-06,rb1s,-0.0495167384
2022-06-06,si1s,-0.0500740031
2022-06-07,cl1s,0.0554644457
2022-06-07,es1s,0.0
2022-06-07,fesx1s,0.0579427449
2022-06-07,gc1s,0.0528788221
2022-06-07,hg1s,-0.0507485971
2022-06-07,ho1s,0.0
2022-06-07,ng1s,-0.0576947884
2022-06-07,nq1s,0.0585015723
2022-06-07,pl1s,0.0
2022-06-07,rb1s,-0.0493285444
2022-06-07,si1s,-0.0495222544
2022-06-08,cl1s,0.0567625167
2022-06-08,es1s,-0.0520387736
2022-06-08,fesx1s,0.05979842
2022-06-08,gc1s,0.0
2022-06-08,hg1s,-0.0543533864
2022-06-08,ho1s,0.0
2022-06-08,ng1s,-0.0580952831
2022-06-08,nq1s,0.0604869889
2022-06-08,pl1s,0.0
2022-06-08,rb1s,-0.0505600269
2022-06-08,si1s,-0.0519205509
2022-06-09,cl1s,0.0548367243
2022-06-09,es1s,0.0528370322
2022-06-09,fesx1s,0.0560843579
2022-06-09,gc1s,0.0
2022-06-09,hg1s,-0.0520422583
2022-06-09,ho1s,0.0
2022-06-09,ng1s,0.0
2022-06-09,nq1s,0.0572376735
2022-06-09,pl1s,0.0525613412
2022-06-09,rb1s,-0.0465894996
2022-06-09,si1s,0.0516289606
2022-06-10,cl1s,0.0543485556
2022-06-10,es1s,-0.0489637991
2022-06-10,fesx1s,-0.0560721578
2022-06-10,gc1s,0.0
2022-06-10,hg1s,0.0541230855
2022-06-10,ho1s,0.0
2022-06-10,ng1s,0.0
2022-06-10,nq1s,-0.0544569826
2022-06-10,pl1s,0.0550328075
2022-06-10,rb1s,-0.0476814561
2022-06-10,si1s,0.0508183851
2022-06-13,cl1s,0.0323205144
2022-06-13,es1s,0.0
2022-06-13,fesx1s,0.0343107167
2022-06-13,gc1s,0.0
2022-06-13,hg1s,0.0310785331
2022-06-13,ho1s,0.0
2022-06-13,ng1s,0.0
2022-06-13,nq1s,0.0337636637
2022-06-13,pl1s,0.031368369
2022-06-13,rb1s,0.0304322457
2022-06-13,si1s,0.0311475034
2022-06-14,cl1s,0.0273803812
2022-06-14,es1s,0.0258420434
2022-06-14,fesx1s,0.0294174008
2022-06-14,gc1s,0.0270441147
2022-06-14,hg1s,0.0264925923
2022-06-14,ho1s,0.0
2022-06-14,ng1s,0.0
2022-06-14,nq1s,0.0283367344
2022-06-14,pl1s,0.0272968321
2022-06-14,rb1s,0.0257661345
2022-06-14,si1s,0.0265541574
2022-06-15,cl1s,0.0371720464
2022-06-15,es1s,0.0336014485
2022-06-15,fesx1s,-0.0384864514
2022-06-15,gc1s,0.0382927957
2022-06-15,hg1s,0.0369163778
2022-06-15,ho1s,0.0
2022-06-15,ng1s,0.0
2022-06-15,nq1s,-0.0386172853
2022-06-15,pl1s,0.0368245717
2022-06-15,rb1s,0.0340287986
2022-06-15,si1s,0.0351125424
2022-06-16,cl1s,0.0380420378
2022-06-16,es1s,0.0386302257
2022-06-16,fesx1s,-0.040168635
2022-06-16,gc1s,0.0
2022-06-16,hg1s,0.039978246
2022-06-16,ho1s,0.0
2022-06-16,ng1s,0.0
2022-06-16,nq1s,0.0425253365
2022-06-16,pl1s,0.039406289
2022-06-16,rb1s,0.0363463475
2022-06-16,si1s,-0.0375566931
2022-06-17,cl1s,0.0395601409
2022-06-17,es1s,0.0404713026
2022-06-17,fesx1s,-0.040115866
2022-06-17,gc1s,0.0
2022-06-17,hg1s,0.0416159989
2022-06-17,ho1s,0.0
2022-06-17,ng1s,-0.0362242384
2022-06-17,nq1s,-0.0419905704
2022-06-17,pl1s,0.0400784089
2022-06-17,rb1s,0.0372889966
2022-06-17,si1s,0.040487704
2022-06-20,cl1s,0.0
2022-06-20,es1s,0.0
2022-06-20,fesx1s,-0.2139000971
2022-06-20,gc1s,0.0
2022-06-20,hg1s,0.0
2022-06-20,ho1s,0.0
2022-06-20,ng1s,0.0
2022-06-20,nq1s,0.0
2022-06-20,pl1s,0.0
2022-06-20,rb1s,0.0
2022-06-20,si1s,0.0
2022-06-21,cl1s,0.0450029716
2022-06-21,es1s,0.045422373
2022-06-21,fesx1s,-0.0453108907
2022-06-21,gc1s,0.0
2022-06-21,hg1s,0.0458679768
2022-06-21,ho1s,0.0
2022-06-21,ng1s,-0.0386242299
2022-06-21,nq1s,-0.0476210159
2022-06-21,pl1s,0.0434108902
2022-06-21,rb1s,0.0428769956
2022-06-21,si1s,-0.0423267449
2022-06-22,cl1s,0.040029175
2022-06-22,es1s,0.0423016849
2022-06-22,fesx1s,-0.0416633959
2022-06-22,gc1s,0.0
2022-06-22,hg1s,0.0403868178
2022-06-22,ho1s,0.0
2022-06-22,ng1s,-0.0357081992
2022-06-22,nq1s,-0.041716525
2022-06-22,pl1s,0.0379949705
2022-06-22,rb1s,0.0397222228
2022-06-22,si1s,0.0408393395
2022-06-23,cl1s,0.0307851195
2022-06-23,es1s,0.0321890489
2022-06-23,fesx1s,-0.0319823866
2022-06-23,gc1s,0.0302337721
2022-06-23,hg1s,0.0313794595
2022-06-23,ho1s,0.0
2022-06-23,ng1s,0.0
2022-06-23,nq1s,0.0338381679
2022-06-23,pl1s,0.0299442732
2022-06-23,rb1s,0.0303515867
2022-06-23,si1s,0.0299219468
2022-06-24,cl1s,0.0358159046
2022-06-24,es1s,-0.036860556
2022-06-24,fesx1s,-0.0378302717
2022-06-24,gc1s,0.0362657925
2022-06-24,hg1s,0.0386585334
2022-06-24,ho1s,0.0
2022-06-24,ng1s,0.0
2022-06-24,nq1s,0.0411064325
2022-06-24,pl1s,0.0366256207
2022-06-24,rb1s,0.0346096112
2022-06-24,si1s,0.0369789475
2022-06-27,cl1s,0.0361575591
2022-06-27,es1s,0.038823737
2022-06-27,fesx1s,-0.0374915068
2022-06-27,gc1s,0.0356848345
2022-06-27,hg1s,0.0385562192
2022-06-27,ho1s,0.0
2022-06-27,ng1s,0.0
2022-06-27,nq1s,-0.0385223501
2022-06-27,pl1s,0.0351476693
2022-06-27,rb1s,0.0363662697
2022-06-27,si1s,0.0375698935
2022-06-28,cl1s,0.0440087221
2022-06-28,es1s,0.0476499494
2022-06-28,fesx1s,-0.048817004
2022-06-28,gc1s,0.0437791404
2022-06-28,hg1s,0.0471650878
2022-06-28,ho1s,0.0
2022-06-28,ng1s,0.0
2022-06-28,nq1s,0.0512160394
2022-06-28,pl1s,0.044251238
2022-06-28,rb1s,-0.0418493946
2022-06-28,si1s,0.0426339548
2022-06-29,cl1s,0.0469986493
2022-06-29,es1s,0.0500462156
2022-06-29,fesx1s,-0.051173389
2022-06-29,gc1s,0.0460437786
2022-06-29,hg1s,0.0504468531
2022-06-29,ho1s,0.0
2022-06-29,ng1s,-0.043234572
2022-06-29,nq1s,0.054048563
2022-06-29,pl1s,0.0
2022-06-29,rb1s,-0.0455106693
2022-06-29,si1s,0.045287168
2022-06-30,cl1s,0.036454483
2022-06-30,es1s,0.0392516833
2022-06-30,fesx1s,-0.0393714173
2022-06-30,gc1s,0.0363127073
2022-06-30,hg1s,0.0392271385
2022-06-30,ho1s,0.0
2022-06-30,ng1s,0.0
2022-06-30,nq1s,-0.0397596141
2022-06-30,pl1s,0.0362392816
2022-06-30,rb1s,0.0365708099
2022-06-30,si1s,0.0357619448
